SizeBytes,SizeReadable,Path
11219763,10.7 MB,Assets/Forst/Conifers [BOTD]/Sources/Textures/BODT Conifer Bark Array [Normal] [AO] [Specular].asset
11219763,10.7 MB,Assets/Shaded Spectrum/Free Realistic Outdoor Materials/Textures/WildGrass/WildGrassAlbedo.png
11219763,10.7 MB,Assets/Shaded Spectrum/Free Realistic Outdoor Materials/Textures/WetDirt/WetDirtAlbedo.png
11219763,10.7 MB,Assets/Shaded Spectrum/Free Realistic Outdoor Materials/Textures/DryDirt/DryDirtAlbedo.png
5557452,5.3 MB,Assets/Forst/Conifers [BOTD]/Sources/Textures/BODT Conifer Trunk [Normal] [AO] [Specular].psd
5557452,5.3 MB,Assets/Forst/Conifers [BOTD]/Sources/Textures/BODT Conifer Branches [Albedo] [Alpha].tif
5557452,5.3 MB,Assets/Texture/Knight_normal.png
5557452,5.3 MB,Assets/Free Wood Door Pack/Texture/Door_1/Door_1_Normal.tga
5557452,5.3 MB,Assets/Free Wood Door Pack/Texture/Door_1/Door_1_Spec.tga
5557452,5.3 MB,Assets/FourEvilDragonsHP/Texture/DragonUsurper/PurpleHP.png
4194304,4 MB,Assets/Images/whiteCircle.png
3879731,3.7 MB,Assets/Fantasy Music Instrumental - Enchanted Forest.mp3
2831155,2.7 MB,Assets/Forst/Conifers [BOTD]/Sources/Textures/BODT Conifer Bark Array [Albedo] [Smoothness].asset
2831155,2.7 MB,Assets/Sinister_Heart/Mountain_VIllage_Stone_Walls/Mountain_Village_Wall_02/PBR/Stone_Wall_Greek_02_BaseColor.png
2831155,2.7 MB,Assets/AllStarCharacterLibrary/Models/Characters/A03N.png
2831155,2.7 MB,Assets/fireAttackEffects/textures/voronoiTexture.png
2831155,2.7 MB,Assets/Texture/Knight_diffuse.png
2831155,2.7 MB,Assets/Medieval Weapon Pack/Textures/Swords/Albedo_Swords.png
2831155,2.7 MB,Assets/Medieval Weapon Pack/Textures/Shields/Albedo_Shields.png
2831155,2.7 MB,Assets/Charecters/Skeleton/Textures/SceletonVersion1.tga
2831155,2.7 MB,Assets/fireAttackEffects/textures/airTexture.png
1992294,1.9 MB,Assets/New Terrain 1.asset
1363148,1.3 MB,Assets/Forst/Conifers [BOTD]/Sources/Textures/Billboards/Billboard Small/Conifer Small [Normal] [Trans] [Smoothness].png
1363148,1.3 MB,Assets/Forst/Conifers [BOTD]/Sources/Textures/Billboards/Billboard Bare/Conifer Bare [Normal] [Trans] [Smoothness].png
1363148,1.3 MB,Assets/Forst/Conifers [BOTD]/Sources/Textures/BODT Conifer Trunk [Albedo] [Smoothness].tif
1363148,1.3 MB,Assets/Forst/Conifers [BOTD]/Render Pipeline Support/URP/Sources/Textures/BODT Conifer Branches NTS.tif
1363148,1.3 MB,Assets/HamsterCage/Textures/hamstercage_main_normal.png
1363148,1.3 MB,Assets/HamsterCage/Textures/hamstercage_main_maskmap.png
1363148,1.3 MB,Assets/Forst/Conifers [BOTD]/Sources/Textures/Billboards/Billboard Small/Conifer Small DA.tif
1363148,1.3 MB,Assets/Forst/Conifers [BOTD]/Sources/Textures/Billboards/Billboard Bare/Conifer Bare DA.tif
1363148,1.3 MB,Assets/Hovl Studio/Magic effects pack/Textures/MagicCircle.png
1363148,1.3 MB,Assets/Free Wood Door Pack/Texture/Door_Knob/Knob_Spec.tga
1363148,1.3 MB,Assets/Free Wood Door Pack/Texture/Door_Knob/Knob_Normal.tga
1363148,1.3 MB,Assets/Floor materials pack/Texture/4/NormalMap.png
1048576,1 MB,Assets/TextMesh Pro/Resources/Fonts & Materials/LiberationSans SDF.asset
992460,969.2 KB,Assets/Scenes/Forest/NavMesh-NavMesh Surface - skelaton 2.asset
981094,958.1 KB,Assets/Scenes/Forest/NavMesh-NavMesh Surface - skelaton.asset
896102,875.1 KB,Assets/Images/Startscreen.jpg
854630,834.6 KB,Assets/uploads_files_2186762_-p_hut_003_export/export/model/-LOD0_p_hut_003.3ds
819814,800.6 KB,Assets/Images/Winningscreen.jpg
775680,757.5 KB,Assets/Charecters/Knight D Pelegrini.fbx
699187,682.8 KB,Assets/Floor materials pack/Texture/4/AmbientOcclusionMap.png
699187,682.8 KB,Assets/Free Wood Door Pack/Texture/Door_1/Door_1_AO.tga
671539,655.8 KB,Resources/unity_builtin_extra
646144,631 KB,Assets/AllStarCharacterLibrary/Models/Characters/A03.FBX
606617,592.4 KB,Packages/com.unity.render-pipelines.universal/Shaders/Lit.shader
487833,476.4 KB,Assets/Forst/Conifers [BOTD]/Sources/Conifer Bare/SM Conifer Bare LOD0.asset
447590,437.1 KB,Assets/uploads_files_2186762_-p_hut_003_export/export/model/-LOD1_p_hut_003.3ds
419840,410 KB,Assets/Simple_Door/Models/Simple_Door.fbx
352768,344.5 KB,Assets/TextMesh Pro/Fonts/LiberationSans.ttf
349696,341.5 KB,Assets/HamsterCage/Textures/hamstercage_ground_normal.png
349696,341.5 KB,Assets/HamsterCage/Textures/hamstercage_ground_maskmap.png
349696,341.5 KB,Packages/com.unity.probuilder/Content/Material/Textures/GridBox_Trigger.png
349696,341.5 KB,Packages/com.unity.probuilder/Content/Material/Textures/GridBox_Collider.png
349696,341.5 KB,Assets/Hovl Studio/Magic effects pack/Textures/Mask1.png
349696,341.5 KB,Assets/TextMesh Pro/Sprites/EmojiOne.png
348672,340.5 KB,Assets/Forst/Conifers [BOTD]/Sources/Conifer Bare/SM Conifer Bare LOD1.asset
326348,318.7 KB,Assets/FourEvilDragonsHP/Mesh/DragonUsurperMesh.fbx
268902,262.6 KB,Packages/com.unity.render-pipelines.universal/Textures/SMAA/AreaTex.tga
267673,261.4 KB,Assets/Charecters/Skeleton/FBX/Skeleton.fbx
264192,258 KB,Assets/Images/free-location-icon-2955-thumb.png
264089,257.9 KB,Assets/Images/bars/heart.png
263577,257.4 KB,Assets/Images/bars/power.png
262246,256.1 KB,Packages/com.unity.render-pipelines.universal/Textures/FilmGrain/Thin02.png
262246,256.1 KB,Packages/com.unity.render-pipelines.universal/Textures/FilmGrain/Thin01.png
262246,256.1 KB,Packages/com.unity.render-pipelines.universal/Textures/FilmGrain/Medium06.png
262246,256.1 KB,Packages/com.unity.render-pipelines.universal/Textures/FilmGrain/Medium05.png
262246,256.1 KB,Packages/com.unity.render-pipelines.universal/Textures/FilmGrain/Medium04.png
262246,256.1 KB,Packages/com.unity.render-pipelines.universal/Textures/FilmGrain/Medium03.png
262246,256.1 KB,Packages/com.unity.render-pipelines.universal/Textures/FilmGrain/Medium02.png
262246,256.1 KB,Packages/com.unity.render-pipelines.universal/Textures/FilmGrain/Medium01.png
262246,256.1 KB,Packages/com.unity.render-pipelines.universal/Textures/FilmGrain/Large02.png
262246,256.1 KB,Packages/com.unity.render-pipelines.universal/Textures/FilmGrain/Large01.png
223744,218.5 KB,Assets/Forst/CTI Runtime Components/CTI Runtime Components URP 14plus/Shaders/CTI URP SG Leaves.shadergraph
216576,211.5 KB,Assets/Forst/Conifers [BOTD]/Sources/Conifer Small/SM Conifer Small LOD0.asset
204595,199.8 KB,Assets/Forst/CTI Runtime Components/CTI Runtime Components URP 14plus/Shaders/CTI URP SG Billboard.shadergraph
202854,198.1 KB,Assets/uploads_files_2186762_-p_hut_003_export/export/model/-LOD2_p_hut_003.3ds
196710,192.1 KB,Assets/TextMesh Pro/Shaders/TMP_SDF-Mobile.shader
176742,172.6 KB,Assets/Beyond Wonderland.ttf
174899,170.8 KB,Assets/BTM_Assets/BTM_Items_Gems/Materials/Gradient Pallete.png
174899,170.8 KB,Packages/com.unity.probuilder/Content/Resources/Textures/GridBox_Default.png
174899,170.8 KB,Packages/com.unity.probuilder/Content/Material/Textures/GridBox_NoDraw.png
157798,154.1 KB,Assets/Forst/Conifers [BOTD]/Sources/Conifer Small/SM Conifer Small LOD1.asset
149606,146.1 KB,Assets/Forst/CTI Runtime Components/CTI Runtime Components URP 14plus/Shaders/CTI URP SG Bark Array.shadergraph
147353,143.9 KB,Assets/Kevin Iglesias/Human Animations/Animations/Male/Movement/Jump/HumanM@Jump01 [RM].fbx
146944,143.5 KB,Assets/Forst/CTI Runtime Components/CTI Runtime Components URP 14plus/Shaders/CTI URP SG Bark.shadergraph
142131,138.8 KB,Assets/Charecters/Skeleton/FBX/IDLE.fbx
105369,102.9 KB,Assets/Charecters/Skeleton/FBX/Walk.fbx
103424,101 KB,Assets/Medieval Weapon Pack/Models/Shield_01.fbx
90419,88.3 KB,Packages/com.unity.render-pipelines.universal/Shaders/PostProcessing/UberPost.shader
87449,85.4 KB,Packages/com.unity.render-pipelines.universal/Shaders/Terrain/TerrainLit.shader
85811,83.8 KB,Assets/FourEvilDragonsHP/Animations/DragonUsurper/Die.fbx
82432,80.5 KB,Assets/Kevin Iglesias/Human Animations/Animations/Male/Movement/Walk/HumanM@Walk01_Forward.fbx
81612,79.7 KB,Packages/com.unity.render-pipelines.core/Runtime/Debugging/Prefabs/Fonts/PerfectDOSVGA437.ttf
76595,74.8 KB,Packages/com.unity.render-pipelines.universal/Shaders/Terrain/TerrainLitAdd.shader
73625,71.9 KB,Assets/Charecters/Skeleton/FBX/Run.fbx
71884,70.2 KB,Packages/com.unity.render-pipelines.universal/Shaders/Terrain/TerrainLitBase.shader
70860,69.2 KB,Assets/Kevin Iglesias/Human Animations/Animations/Male/Idles/HumanM@Idle01-Idle02.fbx
69632,68 KB,Assets/FourEvilDragonsHP/Animations/DragonUsurper/attackFlame.fbx
67276,65.7 KB,Packages/com.unity.render-pipelines.universal/Shaders/Utils/CoreBlit.shader
65740,64.2 KB,Packages/com.unity.render-pipelines.universal/Textures/BlueNoise256/LDR_LLL1_6.png
65740,64.2 KB,Packages/com.unity.render-pipelines.universal/Textures/BlueNoise256/LDR_LLL1_5.png
65740,64.2 KB,Packages/com.unity.render-pipelines.universal/Textures/BlueNoise256/LDR_LLL1_4.png
65740,64.2 KB,Packages/com.unity.render-pipelines.universal/Textures/BlueNoise256/LDR_LLL1_3.png
65740,64.2 KB,Packages/com.unity.render-pipelines.universal/Textures/BlueNoise256/LDR_LLL1_2.png
65740,64.2 KB,Packages/com.unity.render-pipelines.universal/Textures/BlueNoise256/LDR_LLL1_1.png
65740,64.2 KB,Packages/com.unity.render-pipelines.universal/Textures/BlueNoise256/LDR_LLL1_0.png
65126,63.6 KB,Assets/Kevin Iglesias/Human Animations/Animations/Male/Movement/Run/HumanM@Run01_Forward.fbx
64614,63.1 KB,Assets/FourEvilDragonsHP/Animations/DragonUsurper/Walk.fbx
60518,59.1 KB,Packages/com.unity.render-pipelines.core/Runtime/Debugging/Prefabs/Widgets/DebugUIBitField.prefab
58265,56.9 KB,Assets/FourEvilDragonsHP/Animations/DragonUsurper/attackMouth.fbx
53555,52.3 KB,Assets/Free Wood Door Pack/Audio/Door_Close.wav
53555,52.3 KB,Packages/com.unity.probuilder/Content/Shader/Standard Vertex Color.shadergraph
52224,51 KB,Assets/Medieval Weapon Pack/Models/Sword_03.fbx
42291,41.3 KB,Packages/com.unity.render-pipelines.universal/Shaders/Terrain/WavingGrass.shader
37683,36.8 KB,Assets/FourEvilDragonsHP/Animations/DragonUsurper/idle01.fbx
33689,32.9 KB,Packages/com.unity.render-pipelines.universal/Shaders/Utils/ScreenSpaceAmbientOcclusion.shader
30310,29.6 KB,Packages/com.unity.render-pipelines.universal/Shaders/PostProcessing/BokehDepthOfField.shader
28876,28.2 KB,Assets/Images/Castle icon.PNG
27852,27.2 KB,Assets/Images/Hat icon.PNG
27750,27.1 KB,Assets/Free Wood Door Pack/Audio/Door_Open.wav
26316,25.7 KB,Packages/com.unity.render-pipelines.universal/Shaders/PostProcessing/FinalPost.shader
26214,25.6 KB,Assets/Free Wood Door Pack/Mesh/Knob_3.FBX
25907,25.3 KB,Packages/com.unity.render-pipelines.universal/Shaders/Terrain/WavingGrassBillboard.shader
23347,22.8 KB,Packages/com.unity.render-pipelines.universal/Shaders/PostProcessing/TemporalAA.shader
23142,22.6 KB,Assets/Animetion/Knight Animetion/Knight D Pelegrini@Sword And Shield Slash.fbx
22835,22.3 KB,Packages/com.unity.render-pipelines.universal/Shaders/Terrain/TerrainDetailLit.shader
22220,21.7 KB,Assets/Images/sword icon.PNG
21504,21 KB,Packages/com.unity.render-pipelines.universal/Shaders/PostProcessing/LensFlareDataDriven.shader
20275,19.8 KB,Assets/BTM_Assets/BTM_Items_Gems/Models/Thunder.fbx
19763,19.3 KB,Assets/fireAttackEffects/effects/fireBall/fireBallShader.shadergraph
19353,18.9 KB,Packages/com.unity.render-pipelines.universal/Shaders/PostProcessing/CameraMotionBlur.shader
18534,18.1 KB,Assets/fireAttackEffects/meshes/fireBallAirMesh.fbx
17510,17.1 KB,Packages/com.unity.render-pipelines.universal/Shaders/PostProcessing/LensFlareScreenSpace.shader
16998,16.6 KB,Assets/fireAttackEffects/effects/fireBall/fireBallAirShader.shadergraph
16588,16.2 KB,Packages/com.unity.render-pipelines.universal/Textures/DebugFont.tga
16281,15.9 KB,Packages/com.unity.render-pipelines.universal/Shaders/PostProcessing/GaussianDepthOfField.shader
14950,14.6 KB,Assets/Shered/Knight D Pelegrini.prefab
13926,13.6 KB,Assets/exploding_cube.fbx
13926,13.6 KB,Assets/BTM_Assets/BTM_Items_Gems/Models/Heart.fbx
13619,13.3 KB,Packages/com.unity.render-pipelines.universal/Shaders/PostProcessing/SubpixelMorphologicalAntialiasing.shader
13619,13.3 KB,Assets/Animetion/Knight Animetion/Knight D Pelegrini@Sword And Shield Block.fbx
13516,13.2 KB,Packages/com.unity.render-pipelines.universal/Shaders/PostProcessing/Bloom.shader
11673,11.4 KB,Assets/Scenes/Forest/NavMesh-NavMesh Sueface- Dragon.asset
10854,10.6 KB,Packages/com.unity.render-pipelines.universal/Shaders/Terrain/TerrainLitBasemapGen.shader
10035,9.8 KB,Assets/InputSystem_Actions.inputactions
9932,9.7 KB,Packages/com.unity.render-pipelines.universal/Shaders/Debug/HDRDebugView.shader
9523,9.3 KB,Packages/com.unity.render-pipelines.core/Runtime/Debugging/Prefabs/Widgets/DebugUIPanel.prefab
9011,8.8 KB,Packages/com.unity.inputsystem/InputSystem/Plugins/PlayerInput/DefaultInputActions.inputactions
8499,8.3 KB,Packages/com.unity.render-pipelines.universal/Shaders/PostProcessing/LutBuilderHdr.shader
8294,8.1 KB,Assets/TextMesh Pro/Resources/Fonts & Materials/LiberationSans SDF - Fallback.asset
6656,6.5 KB,Packages/com.unity.render-pipelines.core/Runtime/Debugging/Prefabs/Widgets/DebugUIColor.prefab
6246,6.1 KB,Packages/com.unity.render-pipelines.core/Runtime/Debugging/Prefabs/Widgets/DebugUIVector4.prefab
6246,6.1 KB,Assets/TextMesh Pro/Shaders/TMP_Sprite.shader
6144,6 KB,Packages/com.unity.render-pipelines.universal/Shaders/PostProcessing/EdgeAdaptiveSpatialUpsampling.shader
6144,6 KB,Packages/com.unity.render-pipelines.universal/Shaders/PostProcessing/LutBuilderLdr.shader
6144,6 KB,Packages/com.unity.render-pipelines.universal/Shaders/Utils/CoreBlitColorAndDepth.shader
5939,5.8 KB,Packages/com.unity.render-pipelines.core/Shaders/CoreCopy.shader
5836,5.7 KB,Assets/Free Wood Door Pack/Mesh/Wood_Door.FBX
5529,5.4 KB,Packages/com.unity.render-pipelines.universal/Shaders/PostProcessing/ScalingSetup.shader
5324,5.2 KB,Packages/com.unity.render-pipelines.core/Runtime/Debugging/Prefabs/Widgets/DebugUIVector3.prefab
4812,4.7 KB,Packages/com.unity.render-pipelines.universal/Shaders/Utils/CopyDepth.shader
4505,4.4 KB,Packages/com.unity.render-pipelines.core/Runtime/Debugging/Prefabs/Widgets/DebugUIUIntField.prefab
4505,4.4 KB,Packages/com.unity.render-pipelines.core/Runtime/Debugging/Prefabs/Widgets/DebugUIIntField.prefab
4505,4.4 KB,Packages/com.unity.render-pipelines.core/Runtime/Debugging/Prefabs/Resources/DebugUICanvas.prefab
4403,4.3 KB,Packages/com.unity.render-pipelines.core/Runtime/Debugging/Prefabs/Widgets/DebugUIVector2.prefab
4300,4.2 KB,Packages/com.unity.render-pipelines.universal/Textures/BlueNoise64/L/LDR_LLL1_0.png
4198,4.1 KB,Packages/com.unity.render-pipelines.core/Runtime/Debugging/Prefabs/Widgets/DebugUIFloatField.prefab
4096,4 KB,Packages/com.unity.probuilder/Content/Shader/VertexPicker.shader
4096,4 KB,Packages/com.unity.render-pipelines.universal/Shaders/PostProcessing/PaniniProjection.shader
4096,4 KB,Packages/com.unity.render-pipelines.universal/Shaders/Debug/DebugReplacement.shader
3993,3.9 KB,Assets/Hovl Studio/Magic effects pack/Models/Cylinder.fbx
3788,3.7 KB,Packages/com.unity.probuilder/Content/Shader/EdgePicker.shader
3788,3.7 KB,Packages/com.unity.render-pipelines.universal/Shaders/CameraMotionVectors.shader
3686,3.6 KB,Packages/com.unity.render-pipelines.universal/Shaders/Utils/Sampling.shader
3584,3.5 KB,Packages/com.unity.render-pipelines.universal/Shaders/PostProcessing/StopNaN.shader
3584,3.5 KB,Packages/com.unity.render-pipelines.universal/Shaders/Utils/FallbackError.shader
3379,3.3 KB,Packages/com.unity.probuilder/Content/Shader/FacePicker.shader
3379,3.3 KB,Packages/com.unity.shadergraph/Editor/Resources/Shaders/FallbackError.shader
3276,3.2 KB,Assets/TextMesh Pro/Resources/Sprite Assets/EmojiOne.asset
3276,3.2 KB,Packages/com.unity.render-pipelines.core/Runtime/RenderPipelineResources/FallbackShader.shader
2969,2.9 KB,Assets/Resources/PerformanceTestRunInfo.json
2867,2.8 KB,Packages/com.unity.probuilder/Content/Shader/HideVertices.shader
2867,2.8 KB,Packages/com.unity.render-pipelines.core/Runtime/Debugging/Prefabs/Widgets/DebugUIObjectPopupField.prefab
2867,2.8 KB,Assets/Settings/DefaultVolumeProfile.asset
2764,2.7 KB,Packages/com.unity.render-pipelines.universal/Shaders/Utils/StencilDeferred.shader
2662,2.6 KB,Packages/com.unity.probuilder/Content/Resources/Materials/ProBuilderDefault.mat
2662,2.6 KB,Assets/AnimetionControllers/Knight_Animator.controller
2662,2.6 KB,Packages/com.unity.render-pipelines.core/Runtime/Debugging/Prefabs/Widgets/DebugUIObjectList.prefab
2662,2.6 KB,Packages/com.unity.render-pipelines.core/Runtime/Debugging/Prefabs/Widgets/DebugUIEnumField.prefab
2457,2.4 KB,Packages/com.unity.render-pipelines.core/Runtime/Debugging/Prefabs/Widgets/DebugUIFoldout.prefab
2457,2.4 KB,Packages/com.unity.render-pipelines.core/Runtime/Debugging/Prefabs/Widgets/DebugUIRow.prefab
2355,2.3 KB,Assets/TextMesh Pro/Resources/Style Sheets/Default Style Sheet.asset
2355,2.3 KB,Assets/AnimetionControllers/DragonController.controller
2150,2.1 KB,Assets/Settings/UniversalRenderPipelineGlobalSettings.asset
1945,1.9 KB,Assets/Medieval Weapon Pack/Materials/Mat_Swords.mat
1843,1.8 KB,Assets/Medieval Weapon Pack/Materials/Mat_Shields.mat
1740,1.7 KB,Packages/com.unity.render-pipelines.core/Runtime/Debugging/Prefabs/Widgets/DebugUIToggleHistory.prefab
1740,1.7 KB,Packages/com.unity.render-pipelines.core/Runtime/Debugging/Prefabs/Widgets/DebugUIToggle.prefab
1740,1.7 KB,Assets/HamsterCage/3dobjects/Materials/hamsterCage-kaefig_main.mat
1740,1.7 KB,Assets/HamsterCage/3dobjects/Materials/hamsterCage-boden.mat
1740,1.7 KB,Assets/Free Wood Door Pack/Materials/Door_1_Materials/Door_1_Black.mat
1740,1.7 KB,Assets/AllStarCharacterLibrary/Models/Characters/Materials/A03.mat
1740,1.7 KB,Assets/Free Wood Door Pack/Materials/Door_Knob_Material/Copper.mat
1740,1.7 KB,Assets/FourEvilDragonsHP/Materials/DragonUsurper/PurpleHP.mat
1740,1.7 KB,Assets/Floor materials pack/Material/Floor_4.mat
1740,1.7 KB,Assets/AllStarCharacterLibrary/Models/Characters/Materials/A03_LOD.mat
1638,1.6 KB,Assets/Matirial/Knight_MAT2.mat
1638,1.6 KB,Assets/TextMesh Pro/Resources/Fonts & Materials/LiberationSans SDF - Drop Shadow.mat
1638,1.6 KB,Assets/Charecters/Skeleton/Materials/SceletonVersion1_m.mat
1638,1.6 KB,Assets/BTM_Assets/BTM_Items_Gems/Materials/BaseMaterial_Yellow.mat
1638,1.6 KB,Assets/BTM_Assets/BTM_Items_Gems/Materials/BaseMaterial_Red.mat
1638,1.6 KB,Assets/Simple_Door/Models/Materials/SimpleDoor_SimpleDoor_MainDoor_LOD2SG1.mat
1638,1.6 KB,Assets/Simple_Door/Models/Materials/SimpleDoor_SimpleDoor_MainDoor_LOD0SG1.mat
1638,1.6 KB,Assets/dark purple.mat
1638,1.6 KB,Assets/purple.mat
1638,1.6 KB,Assets/pink.mat
1638,1.6 KB,Assets/TextMesh Pro/Resources/Fonts & Materials/LiberationSans SDF - Outline.mat
1536,1.5 KB,Packages/com.unity.render-pipelines.universal/Runtime/Materials/TerrainLit.mat
1536,1.5 KB,Assets/Forst/CTI Runtime Components/CTI Runtime Components URP 14plus/Resources/CTI_Default_NST.psd
1536,1.5 KB,Assets/Hovl Studio/Magic effects pack/Textures/Point1.png
1433,1.4 KB,Assets/fireAttackEffects/prefabs/fireBallEffect.prefab
1433,1.4 KB,Packages/com.unity.render-pipelines.core/Runtime/Debugging/Prefabs/Widgets/DebugUIProgressBar.prefab
1433,1.4 KB,Packages/com.unity.render-pipelines.core/Runtime/Debugging/Prefabs/Widgets/DebugUIGroup.prefab
1331,1.3 KB,Assets/Forst/Conifers [BOTD]/Render Pipeline Support/URP/Prefabs/PF Conifer Small BOTD URP.prefab
1331,1.3 KB,Assets/Forst/Conifers [BOTD]/Render Pipeline Support/URP/Prefabs/PF Conifer Bare BOTD URP.prefab
1228,1.2 KB,Packages/com.unity.render-pipelines.universal/Shaders/Debug/ProbeVolumeSamplingDebugPositionNormal.compute
1228,1.2 KB,Packages/com.unity.render-pipelines.core/Runtime/Debugging/Prefabs/Widgets/DebugUIButton.prefab
1228,1.2 KB,Assets/Hovl Studio/Magic effects pack/Materials/Point.mat
1228,1.2 KB,Assets/Hovl Studio/Magic effects pack/Materials/MagicCircle.mat
1228,1.2 KB,Assets/Hovl Studio/Magic effects pack/Materials/Mask1.mat
1228,1.2 KB,Packages/com.unity.render-pipelines.universal/Textures/SMAA/SearchTex.tga
1126,1.1 KB,Packages/com.unity.render-pipelines.core/Runtime/Debugging/Prefabs/Textures/UIFoldoutOpened.png
1126,1.1 KB,Packages/com.unity.render-pipelines.core/Runtime/Debugging/Prefabs/Textures/UIFoldoutClosed.png
1126,1.1 KB,Packages/com.unity.render-pipelines.core/Runtime/Debugging/Prefabs/Textures/UICheckMark.png
1024,1 KB,Assets/Charecters/Skeleton/FBX/Skeleton.controller
1024,1 KB,Assets/Forst/Conifers [BOTD]/Render Pipeline Support/URP/Sources/Materials/M Conifer Leaves URP.mat
921,921 B,Packages/com.unity.render-pipelines.core/Runtime/Debugging/Prefabs/Widgets/DebugUIEnumHistory.prefab
921,921 B,Packages/com.unity.render-pipelines.core/Runtime/Debugging/Prefabs/Widgets/DebugUIValuePersistent.prefab
921,921 B,Packages/com.unity.render-pipelines.core/Runtime/Debugging/Prefabs/Widgets/DebugUIValueTuple.prefab
921,921 B,Packages/com.unity.render-pipelines.core/Runtime/Debugging/Prefabs/Resources/DebugUIPersistentCanvas.prefab
921,921 B,Packages/com.unity.render-pipelines.core/Runtime/Debugging/Prefabs/Widgets/DebugUIObject.prefab
921,921 B,Packages/com.unity.render-pipelines.core/Runtime/Debugging/Prefabs/Widgets/DebugUIValue.prefab
921,921 B,Packages/com.unity.render-pipelines.core/Runtime/Debugging/Prefabs/Widgets/DebugUIMessageBox.prefab
921,921 B,Packages/com.unity.render-pipelines.core/Runtime/Debugging/Prefabs/Textures/UIElement8px.png
819,819 B,Packages/com.unity.render-pipelines.universal/Runtime/Decal/DBuffer/DBufferClear.shader
819,819 B,Packages/com.unity.render-pipelines.universal/Runtime/Data/PostProcessData.asset
716,716 B,Assets/Forst/Conifers [BOTD]/Render Pipeline Support/URP/Sources/Billboards/Conifer Small_BillboardMaterial.mat
716,716 B,Assets/Forst/Conifers [BOTD]/Render Pipeline Support/URP/Sources/Billboards/Conifer Bare_BillboardMaterial.mat
614,614 B,Assets/fireAttackEffects/effects/fireBall/fireBallMaterial.mat
614,614 B,Assets/Forst/Conifers [BOTD]/Render Pipeline Support/URP/Sources/Materials/M Conifer Bark Array URP.mat
614,614 B,Packages/com.unity.render-pipelines.core/Runtime/Debugging/Prefabs/Textures/White1px.png
512,512 B,Assets/Settings/SampleSceneProfile.asset
512,512 B,Assets/Forst/Conifers [BOTD]/Render Pipeline Support/URP/Sources/Materials/M Conifer Bark Simple URP.mat
512,512 B,Assets/fireAttackEffects/effects/fireBall/fireBallAirMaterial 1.mat
512,512 B,Assets/fireAttackEffects/effects/fireBall/fireBallAirMaterial.mat
512,512 B,Assets/Settings/PC_Renderer.asset
512,512 B,Packages/com.unity.render-pipelines.universal/Shaders/XR/XRMirrorView.shader
512,512 B,Packages/com.unity.render-pipelines.universal/Shaders/Utils/BlitHDROverlay.shader
409,409 B,Assets/Settings/PC_RPAsset.asset
409,409 B,Assets/Sinister_Heart/Mountain_VIllage_Stone_Walls/Mountain_Village_Wall_02/PBR/Materials/Stone_Wall_Greek_02_BaseColor.mat
409,409 B,Packages/com.unity.render-pipelines.core/Runtime/Debugging/Prefabs/Widgets/DebugUIVBox.prefab
409,409 B,Packages/com.unity.render-pipelines.core/Runtime/Debugging/Prefabs/Widgets/DebugUIHBox.prefab
409,409 B,Packages/com.unity.render-pipelines.universal/Textures/BlueNoise16/L/LDR_LLL1_9.png
409,409 B,Packages/com.unity.render-pipelines.universal/Textures/BlueNoise16/L/LDR_LLL1_8.png
409,409 B,Packages/com.unity.render-pipelines.universal/Textures/BlueNoise16/L/LDR_LLL1_7.png
409,409 B,Packages/com.unity.render-pipelines.universal/Textures/BlueNoise16/L/LDR_LLL1_6.png
409,409 B,Packages/com.unity.render-pipelines.universal/Textures/BlueNoise16/L/LDR_LLL1_5.png
409,409 B,Packages/com.unity.render-pipelines.universal/Textures/BlueNoise16/L/LDR_LLL1_4.png
409,409 B,Packages/com.unity.render-pipelines.universal/Textures/BlueNoise16/L/LDR_LLL1_31.png
409,409 B,Packages/com.unity.render-pipelines.universal/Textures/BlueNoise16/L/LDR_LLL1_30.png
409,409 B,Packages/com.unity.render-pipelines.universal/Textures/BlueNoise16/L/LDR_LLL1_3.png
409,409 B,Packages/com.unity.render-pipelines.universal/Textures/BlueNoise16/L/LDR_LLL1_29.png
409,409 B,Packages/com.unity.render-pipelines.universal/Textures/BlueNoise16/L/LDR_LLL1_28.png
409,409 B,Packages/com.unity.render-pipelines.universal/Textures/BlueNoise16/L/LDR_LLL1_27.png
409,409 B,Packages/com.unity.render-pipelines.universal/Textures/BlueNoise16/L/LDR_LLL1_26.png
409,409 B,Packages/com.unity.render-pipelines.universal/Textures/BlueNoise16/L/LDR_LLL1_25.png
409,409 B,Packages/com.unity.render-pipelines.universal/Textures/BlueNoise16/L/LDR_LLL1_24.png
409,409 B,Packages/com.unity.render-pipelines.universal/Textures/BlueNoise16/L/LDR_LLL1_23.png
409,409 B,Packages/com.unity.render-pipelines.universal/Textures/BlueNoise16/L/LDR_LLL1_22.png
409,409 B,Packages/com.unity.render-pipelines.universal/Textures/BlueNoise16/L/LDR_LLL1_21.png
409,409 B,Packages/com.unity.render-pipelines.universal/Textures/BlueNoise16/L/LDR_LLL1_20.png
409,409 B,Packages/com.unity.render-pipelines.universal/Textures/BlueNoise16/L/LDR_LLL1_2.png
409,409 B,Packages/com.unity.render-pipelines.universal/Textures/BlueNoise16/L/LDR_LLL1_19.png
409,409 B,Packages/com.unity.render-pipelines.universal/Textures/BlueNoise16/L/LDR_LLL1_18.png
409,409 B,Packages/com.unity.render-pipelines.universal/Textures/BlueNoise16/L/LDR_LLL1_17.png
409,409 B,Packages/com.unity.render-pipelines.universal/Textures/BlueNoise16/L/LDR_LLL1_16.png
409,409 B,Packages/com.unity.render-pipelines.universal/Textures/BlueNoise16/L/LDR_LLL1_15.png
409,409 B,Packages/com.unity.render-pipelines.universal/Textures/BlueNoise16/L/LDR_LLL1_14.png
409,409 B,Packages/com.unity.render-pipelines.universal/Textures/BlueNoise16/L/LDR_LLL1_13.png
409,409 B,Packages/com.unity.render-pipelines.universal/Textures/BlueNoise16/L/LDR_LLL1_12.png
409,409 B,Packages/com.unity.render-pipelines.universal/Textures/BlueNoise16/L/LDR_LLL1_11.png
409,409 B,Packages/com.unity.render-pipelines.universal/Textures/BlueNoise16/L/LDR_LLL1_10.png
409,409 B,Packages/com.unity.render-pipelines.universal/Textures/BlueNoise16/L/LDR_LLL1_1.png
409,409 B,Packages/com.unity.render-pipelines.universal/Textures/BlueNoise16/L/LDR_LLL1_0.png
409,409 B,Packages/com.unity.render-pipelines.universal/Shaders/XR/XROcclusionMesh.shader
307,307 B,Packages/com.unity.render-pipelines.universal/Shaders/XR/XRMotionVector.shader
307,307 B,Assets/fireAttackEffects/effects/fireBall/hitVFX.prefab
307,307 B,Assets/TextMesh Pro/Resources/LineBreaking Following Characters.txt
307,307 B,Assets/TextMesh Pro/Resources/TMP Settings.asset
204,204 B,Packages/com.unity.render-pipelines.universal/Runtime/Debug/UniversalRenderPipelineVolumeDebugSettings.deprecated.cs
204,204 B,Packages/com.unity.probuilder/Content/Resources/Materials/Collider.mat
204,204 B,Packages/com.unity.render-pipelines.universal/Runtime/RenderPipelineResources/UniversalRenderPipelineRuntimeXRResources.cs
204,204 B,Packages/com.unity.render-pipelines.universal/Runtime/Debug/UniversalRenderPipelineVolumeDebugSettings.cs
204,204 B,Packages/com.unity.render-pipelines.universal/Runtime/Debug/UniversalRenderPipelineDebugDisplaySettings.cs
204,204 B,Packages/com.unity.render-pipelines.core/Runtime/RenderGraph/RenderGraphResourceAccelerationStructure.cs
204,204 B,Packages/com.unity.render-pipelines.universal/Runtime/UniversalRenderPipelineGlobalSettings.cs
204,204 B,Packages/com.unity.render-pipelines.universal/Runtime/RenderPipelineResources/UniversalRenderPipelineRuntimeTextures.cs
204,204 B,Packages/com.unity.render-pipelines.universal/Runtime/RenderPipelineResources/UniversalRenderPipelineRuntimeShaders.cs
204,204 B,Packages/com.unity.render-pipelines.universal/Runtime/RenderPipelineResources/UniversalRenderPipelineEditorMaterials.cs
204,204 B,Packages/com.unity.render-pipelines.universal/Runtime/Debug/UniversalRenderPipelineDebugDisplayStats.cs
204,204 B,Packages/com.unity.probuilder/Content/Resources/Materials/Trigger.mat
204,204 B,Packages/com.unity.render-pipelines.universal/Runtime/2D/Shadows/ShadowProvider/Providers/ShadowShape2DProvider_SpriteRenderer.cs
204,204 B,Packages/com.unity.render-pipelines.core/Runtime/Stripping/RenderPipelineGraphicsSettingsStripperFetcher.cs
204,204 B,Packages/com.unity.render-pipelines.core/Runtime/RenderGraph/IRenderGraphEnabledRenderPipeline.cs
204,204 B,Packages/com.unity.multiplayer.center/Common/IOnboardingSectionAnalyticsProvider.cs
204,204 B,Assets/fireAttackEffects/effects/fireBall/hitVFX.vfx
204,204 B,Packages/com.unity.rendering.light-transport/Runtime/UnifiedRayTracing/Hardware/HardwareRayTracingAccelStruct.cs
204,204 B,Packages/com.unity.render-pipelines.universal/Runtime/RenderPipelineResources/UniversalRenderPipelineEditorShaders.cs
204,204 B,Packages/com.unity.render-pipelines.universal/Runtime/RenderPipelineResources/UniversalRenderPipelineEditorAssets.cs
204,204 B,Packages/com.unity.render-pipelines.universal/Runtime/RenderPipelineResources/UniversalRenderPipelineDebugShaders.cs
204,204 B,Packages/com.unity.render-pipelines.universal/Runtime/Passes/AdditionalLightsShadowCasterPass.cs
204,204 B,Packages/com.unity.render-pipelines.universal/Runtime/Passes/AdditionalLightsShadowAtlasLayout.cs
204,204 B,Packages/com.unity.render-pipelines.core/Runtime/Stripping/RenderPipelineGraphicsSettingsStripperReport.cs
204,204 B,Packages/com.unity.render-pipelines.core/Runtime/RenderGraph/Compiler/NativePassCompiler.Debug.cs
204,204 B,Packages/com.unity.render-pipelines.core/Runtime/GPUDriven/OcclusionCullingCommonShaderVariables.cs
204,204 B,Packages/com.unity.render-pipelines.core/Runtime/GPUDriven/InstanceOcclusionCullerShaderVariables.cs
204,204 B,Packages/com.unity.visualscripting/Runtime/VisualScripting.Core/Listeners/UI/UnityOnScrollbarValueChangedMessageListener.cs
204,204 B,Packages/com.unity.visualscripting/Runtime/VisualScripting.Core/Listeners/UI/UnityOnScrollRectValueChangedMessageListener.cs
204,204 B,Packages/com.unity.visualscripting/Runtime/VisualScripting.Core/Listeners/UI/UnityOnInputFieldValueChangedMessageListener.cs
204,204 B,Packages/com.unity.visualscripting/Runtime/VisualScripting.Core/Listeners/UI/UnityOnDropdownValueChangedMessageListener.cs
204,204 B,Packages/com.unity.visualscripting/Runtime/VisualScripting.Core/Listeners/MonoBehaviour/UnityOnTransformChildrenChangedMListener.cs
204,204 B,Packages/com.unity.visualscripting/Runtime/VisualScripting.Core/Listeners/MonoBehaviour/UnityOnControllerColliderHitMessageListener.cs
204,204 B,Packages/com.unity.render-pipelines.universal/Runtime/2D/Shadows/ShadowProvider/Providers/ShadowShape2DProvider_Collider.cs
204,204 B,Packages/com.unity.render-pipelines.universal/Runtime/2D/CinemachineUniversalPixelPerfect.cs
204,204 B,Packages/com.unity.render-pipelines.core/Runtime/Stripping/RenderPipelineGraphicsSettingsStripper.cs
204,204 B,Packages/com.unity.render-pipelines.core/Runtime/RenderPipeline/RenderPipelineGraphicsSettingsContainer.cs
204,204 B,Packages/com.unity.render-pipelines.core/Runtime/RenderGraph/Compiler/NativePassCompiler.cs
204,204 B,Packages/com.unity.render-pipelines.core/Runtime/RenderGraph/Compiler/CompilerContextData.cs
204,204 B,Packages/com.unity.render-pipelines.core/Runtime/Common/IVirtualTexturingEnabledRenderPipeline.cs
204,204 B,Packages/com.unity.mathematics/Unity.Mathematics/Il2CppEagerStaticClassConstructionAttribute.cs
204,204 B,Packages/com.unity.visualscripting/Runtime/VisualScripting.Core/Listeners/MonoBehaviour/UnityOnTransformParentChangedMListener.cs
204,204 B,Packages/com.unity.visualscripting/Runtime/VisualScripting.Core/Dependencies/AssemblyQualifiedNameParser/ParsedAssemblyQualifiedName.cs
204,204 B,Packages/com.unity.rendering.light-transport/Runtime/UnifiedRayTracing/UnifiedRayTracingException.cs
204,204 B,Packages/com.unity.rendering.light-transport/Runtime/UnifiedRayTracing/Hardware/HardwareRayTracingBackend.cs
204,204 B,Packages/com.unity.rendering.light-transport/Runtime/UnifiedRayTracing/Compute/ComputeRayTracingAccelStruct.cs
204,204 B,Packages/com.unity.render-pipelines.universal/Textures/BayerMatrix.png
204,204 B,Packages/com.unity.render-pipelines.universal/Runtime/VolumeRequiresRendererFeatures.cs
204,204 B,Packages/com.unity.render-pipelines.universal/Runtime/UniversalAdditionalCameraData.cs
204,204 B,Packages/com.unity.render-pipelines.universal/Runtime/Settings/URPDefaultVolumeProfileSetting.cs
204,204 B,Packages/com.unity.render-pipelines.universal/Runtime/RendererFeatures/FullScreenPassRendererFeature.cs
204,204 B,Packages/com.unity.render-pipelines.universal/Runtime/RendererFeatures/DisallowMultipleRendererFeature.cs
204,204 B,Packages/com.unity.render-pipelines.universal/Runtime/RenderGraph/RenderGraphGraphicsAutomatedTests.cs
204,204 B,Packages/com.unity.render-pipelines.universal/Runtime/Passes/ScreenSpaceAmbientOcclusionPass.cs
204,204 B,Packages/com.unity.render-pipelines.universal/Runtime/Passes/MainLightShadowCasterPass.cs
204,204 B,Packages/com.unity.render-pipelines.universal/Runtime/Passes/InvokeOnRenderObjectCallbackPass.cs
204,204 B,Packages/com.unity.render-pipelines.universal/Runtime/Decal/Entities/DecalUpdateCullingGroupSystem.cs
204,204 B,Packages/com.unity.render-pipelines.universal/Runtime/Debug/DebugDisplaySettingsRendering.cs
204,204 B,Packages/com.unity.render-pipelines.core/Runtime/RenderGraph/RenderGraphUtilsResources.cs
204,204 B,Packages/com.unity.render-pipelines.core/Runtime/Lighting/ProbeVolume/ProbeReferenceVolume.ReflProbeNormalization.cs
204,204 B,Packages/com.unity.render-pipelines.core/Runtime/GPUDriven/OcclusionCullingDebugShaderVariables.cs
204,204 B,Packages/com.unity.visualscripting/Runtime/VisualScripting.Core/Listeners/UI/UnityOnToggleValueChangedMessageListener.cs
204,204 B,Packages/com.unity.visualscripting/Runtime/VisualScripting.Core/Listeners/UI/UnityOnSliderValueChangedMessageListener.cs
204,204 B,Packages/com.unity.visualscripting/Runtime/VisualScripting.Core/Listeners/UI/UnityOnInputFieldEndEditMessageListener.cs
204,204 B,Packages/com.unity.visualscripting/Runtime/VisualScripting.Core/Listeners/MonoBehaviour/UnityOnParticleCollisionMessageListener.cs
204,204 B,Packages/com.unity.visualscripting/Runtime/VisualScripting.Core/Listeners/MonoBehaviour/UnityOnMouseUpAsButtonMessageListener.cs
204,204 B,Packages/com.unity.visualscripting/Runtime/VisualScripting.Core/Listeners/MonoBehaviour/UnityOnCollisionStay2DMessageListener.cs
204,204 B,Packages/com.unity.visualscripting/Runtime/VisualScripting.Core/Listeners/MonoBehaviour/UnityOnCollisionExit2DMessageListener.cs
204,204 B,Packages/com.unity.visualscripting/Runtime/VisualScripting.Core/Listeners/MonoBehaviour/UnityOnCollisionEnter2DMessageListener.cs
204,204 B,Packages/com.unity.visualscripting/Runtime/VisualScripting.Core/Listeners/MonoBehaviour/UnityOnBecameInvisibleMessageListener.cs
204,204 B,Packages/com.unity.render-pipelines.universal/Runtime/UniversalRenderPipelineRenderGraph.cs
204,204 B,Packages/com.unity.render-pipelines.universal/Runtime/2D/Shadows/ShadowCasterGroup2DManager.cs
204,204 B,Packages/com.unity.render-pipelines.universal/Runtime/2D/Rendergraph/CopyCameraSortingLayerPass.cs
204,204 B,Packages/com.unity.render-pipelines.universal/Runtime/2D/RendererFeatures/ScriptableRenderPass2D.cs
204,204 B,Packages/com.unity.render-pipelines.universal/Runtime/2D/PixelPerfectCameraInternal.cs
204,204 B,Packages/com.unity.render-pipelines.universal/Runtime/2D/Passes/PixelPerfectBackgroundPass.cs
204,204 B,Packages/com.unity.render-pipelines.core/Runtime/RenderPipeline/RenderPipelineGlobalSettingsUtils.cs
204,204 B,Packages/com.unity.render-pipelines.core/Runtime/RenderGraph/RenderGraphResourceRegistry.cs
204,204 B,Packages/com.unity.render-pipelines.core/Runtime/RenderGraph/RenderGraphDefaultResources.cs
204,204 B,Packages/com.unity.render-pipelines.core/Runtime/RenderGraph/Compiler/ResourcesData.cs
204,204 B,Packages/com.unity.render-pipelines.core/Runtime/Lighting/ProbeVolume/ProbeVolumeConstantRuntimeResources.cs
204,204 B,Packages/com.unity.render-pipelines.core/Runtime/Lighting/ProbeVolume/IProbeVolumeEnabledRenderPipeline.cs
204,204 B,Packages/com.unity.visualscripting/Runtime/VisualScripting.Core/Dependencies/FullSerializer/Converters/Unity/GUIStyleState_DirectConverter.cs
204,204 B,Packages/com.unity.visualscripting/Runtime/VisualScripting.Core/Dependencies/FullSerializer/Converters/Unity/AnimationCurve_DirectConverter.cs
204,204 B,Packages/com.unity.rendering.light-transport/Runtime/UnifiedRayTracing/IRayTracingAccelStruct.cs
204,204 B,Packages/com.unity.rendering.light-transport/Runtime/UnifiedRayTracing/Hardware/HardwareRayTracingShader.cs
204,204 B,Packages/com.unity.rendering.light-transport/Runtime/UnifiedRayTracing/Compute/ComputeRayTracingShader.cs
204,204 B,Packages/com.unity.rendering.light-transport/Runtime/UnifiedRayTracing/Compute/ComputeRayTracingBackend.cs
204,204 B,Packages/com.unity.render-pipelines.universal/Runtime/UniversalAdditionalLightData.cs
204,204 B,Packages/com.unity.render-pipelines.universal/Runtime/Tiling/ReflectionProbeMinMaxZJob.cs
204,204 B,Packages/com.unity.render-pipelines.universal/Runtime/Settings/URPShaderStrippingSetting.cs
204,204 B,Packages/com.unity.render-pipelines.universal/Runtime/ScriptableRendererFeature.cs
204,204 B,Packages/com.unity.render-pipelines.universal/Runtime/RendererFeatures/ScreenSpaceAmbientOcclusion.cs
204,204 B,Packages/com.unity.render-pipelines.universal/Runtime/RenderTargetBufferSystem.cs
204,204 B,Packages/com.unity.render-pipelines.universal/Runtime/RenderPipelineResources/UniversalRendererResources.cs
204,204 B,Packages/com.unity.render-pipelines.universal/Runtime/Overrides/ShadowsMidtonesHighlights.cs
204,204 B,Packages/com.unity.render-pipelines.universal/Runtime/FrameData/UniversalPostProcessingData.cs
204,204 B,Packages/com.unity.render-pipelines.universal/Runtime/Decal/ScreenSpace/DecalScreenSpaceRenderPass.cs
204,204 B,Packages/com.unity.render-pipelines.universal/Runtime/Decal/Entities/DecalCreateDrawCallSystem.cs
204,204 B,Packages/com.unity.render-pipelines.universal/Runtime/Debug/DebugDisplaySettingsMaterial.cs
204,204 B,Packages/com.unity.render-pipelines.universal/Runtime/Debug/DebugDisplaySettingsLighting.cs
204,204 B,Packages/com.unity.render-pipelines.universal/Runtime/Debug/DebugDisplaySettingsCommon.cs
204,204 B,Packages/com.unity.render-pipelines.universal/Runtime/Data/UniversalRenderPipelineAsset.cs
204,204 B,Packages/com.unity.render-pipelines.core/Runtime/RenderGraph/RenderGraphResourceRendererList.cs
204,204 B,Packages/com.unity.render-pipelines.core/Runtime/RenderGraph/Compiler/PassesData.cs
204,204 B,Packages/com.unity.render-pipelines.core/Runtime/GPUDriven/OccluderDepthPyramidConstants.cs
204,204 B,Packages/com.unity.render-pipelines.core/Runtime/GPUDriven/Debug/DebugDisplayGPUResidentDrawer.cs
204,204 B,Packages/com.unity.collections/Unity.Collections/GenerateTestsForBurstCompatibilityAttribute.cs
204,204 B,Assets/NewLayer 3.terrainlayer
204,204 B,Assets/NewLayer 2.terrainlayer
204,204 B,Assets/NewLayer 1.terrainlayer
204,204 B,Packages/com.unity.visualscripting/Runtime/VisualScripting.Core/SerializedProperties/SerializedPropertyProviderAttribute.cs
204,204 B,Packages/com.unity.visualscripting/Runtime/VisualScripting.Core/Listeners/UIInterfaces/UnityOnPointerExitMessageListener.cs
204,204 B,Packages/com.unity.visualscripting/Runtime/VisualScripting.Core/Listeners/UIInterfaces/UnityOnPointerEnterMessageListener.cs
204,204 B,Packages/com.unity.visualscripting/Runtime/VisualScripting.Core/Listeners/UIInterfaces/UnityOnPointerDownMessageListener.cs
204,204 B,Packages/com.unity.visualscripting/Runtime/VisualScripting.Core/Listeners/UIInterfaces/UnityOnPointerClickMessageListener.cs
204,204 B,Packages/com.unity.visualscripting/Runtime/VisualScripting.Core/Listeners/UI/UnityOnButtonClickMessageListener.cs
204,204 B,Packages/com.unity.visualscripting/Runtime/VisualScripting.Core/Listeners/MonoBehaviour/UnityOnTriggerEnterMessageListener.cs
204,204 B,Packages/com.unity.visualscripting/Runtime/VisualScripting.Core/Listeners/MonoBehaviour/UnityOnJointBreak2DMessageListener.cs
204,204 B,Packages/com.unity.visualscripting/Runtime/VisualScripting.Core/Listeners/MonoBehaviour/UnityOnCollisionStayMessageListener.cs
204,204 B,Packages/com.unity.visualscripting/Runtime/VisualScripting.Core/Listeners/MonoBehaviour/UnityOnCollisionExitMessageListener.cs
204,204 B,Packages/com.unity.visualscripting/Runtime/VisualScripting.Core/Listeners/MonoBehaviour/UnityOnCollisionEnterMessageListener.cs
204,204 B,Packages/com.unity.visualscripting/Runtime/VisualScripting.Core/Listeners/MonoBehaviour/UnityOnBecameVisibleMessageListener.cs
204,204 B,Packages/com.unity.visualscripting/Runtime/VisualScripting.Core/EditorBinding/Inspector/InspectorActionDirectionAttribute.cs
204,204 B,Packages/com.unity.visualscripting/Runtime/VisualScripting.Core/EditorBinding/Inspector/InspectViaImplementationsAttribute.cs
204,204 B,Packages/com.unity.visualscripting/Runtime/VisualScripting.Core/Dependencies/FullSerializer/Internal/fsCyclicReferenceManager.cs
204,204 B,Packages/com.unity.visualscripting/Runtime/VisualScripting.Core/Dependencies/FullSerializer/Converters/Unity/UnityEvent_Converter.cs
204,204 B,Packages/com.unity.render-pipelines.universal/Runtime/UniversalRenderPipelineCore.cs
204,204 B,Packages/com.unity.render-pipelines.universal/Runtime/FrameData/UniversalResourceBase.cs
204,204 B,Packages/com.unity.render-pipelines.universal/Runtime/2D/Shadows/ShadowProvider/ShadowShape2DProvider.cs
204,204 B,Packages/com.unity.render-pipelines.universal/Runtime/2D/Shadows/CompositeShadowCaster2D.cs
204,204 B,Packages/com.unity.render-pipelines.core/Runtime/Utilities/CoreRenderPipelinePreferences.cs
204,204 B,Packages/com.unity.render-pipelines.core/Runtime/Settings/IDefaultVolumeProfileSettings.cs
204,204 B,Packages/com.unity.render-pipelines.core/Runtime/RenderGraph/RenderGraphResourcePool.cs
204,204 B,Packages/com.unity.render-pipelines.core/Runtime/RenderGraph/RenderGraphObjectPool.cs
204,204 B,Packages/com.unity.render-pipelines.core/Runtime/RenderGraph/Debug/RenderGraphDebugParams.cs
204,204 B,Packages/com.unity.render-pipelines.core/Runtime/RenderGraph/Debug/DebugDisplaySettingsRenderGraph.cs
204,204 B,Packages/com.unity.render-pipelines.core/Runtime/Lighting/ProbeVolume/ProbeVolumeBakingProcessSettings.cs
204,204 B,Packages/com.unity.render-pipelines.core/Runtime/Debugging/Prefabs/Scripts/DebugUIHandlerPersistentCanvas.cs
204,204 B,Packages/com.unity.render-pipelines.core/Runtime/Debugging/Prefabs/Scripts/DebugUIHandlerObjectPopupField.cs
204,204 B,Packages/com.unity.render-pipelines.core/Runtime/Debugging/Prefabs/Scripts/DebugUIHandlerIndirectFloatField.cs
204,204 B,Packages/com.unity.render-pipelines.core/Runtime/Debugging/DebugDisplaySettingsHDROutput.cs
204,204 B,Packages/com.unity.render-pipelines.core/Runtime/Common/GlobalDynamicResolutionSettings.cs
204,204 B,Packages/com.unity.inputsystem/InputSystem/Editor/UITKAssetEditor/Views/CompositePartBindingPropertiesView.cs
204,204 B,Packages/com.unity.inputsystem/InputSystem/Editor/UITKAssetEditor/Views/CollectionViewSelectionChangeFilter.cs
204,204 B,Packages/com.unity.inputsystem/InputSystem/Editor/UITKAssetEditor/InputActionsEditorSettingsProvider.cs
204,204 B,Packages/com.unity.inputsystem/InputSystem/Editor/PropertyDrawers/InputActionReferenceSearchProviders.cs
204,204 B,Packages/com.unity.inputsystem/InputSystem/Editor/PropertyDrawers/InputActionReferencePropertyDrawer.cs
204,204 B,Packages/com.unity.inputsystem/InputSystem/Editor/Analytics/InputActionsEditorSessionAnalytic.cs
204,204 B,Packages/com.unity.inputsystem/InputSystem/Devices/Commands/QueryEditorWindowCoordinatesCommand.cs
204,204 B,Packages/com.unity.inputsystem/InputSystem/Devices/Commands/InitiateUserAccountPairingCommand.cs
204,204 B,Packages/com.unity.visualscripting/Runtime/VisualScripting.Core/Listeners/MonoBehaviour/UnityOnTriggerStay2DMListener.cs
204,204 B,Packages/com.unity.visualscripting/Runtime/VisualScripting.Core/Listeners/MonoBehaviour/UnityOnTriggerExit2DMListener.cs
204,204 B,Packages/com.unity.visualscripting/Runtime/VisualScripting.Core/Listeners/MonoBehaviour/UnityOnTriggerEnter2DMListener.cs
204,204 B,Packages/com.unity.visualscripting/Runtime/VisualScripting.Core/Dependencies/FullSerializer/fsISerializationCallbacks.cs
204,204 B,Packages/com.unity.visualscripting/Runtime/VisualScripting.Core/Dependencies/FullSerializer/Converters/Unity/RectOffset_DirectConverter.cs
204,204 B,Packages/com.unity.visualscripting/Runtime/VisualScripting.Core/Dependencies/FullSerializer/Converters/Unity/LayerMask_DirectConverter.cs
204,204 B,Packages/com.unity.visualscripting/Runtime/VisualScripting.Core/Dependencies/FullSerializer/Converters/Unity/InputAction_DirectConverter.cs
204,204 B,Packages/com.unity.rendering.light-transport/Runtime/UnifiedRayTracing/RayTracingResources.cs
204,204 B,Packages/com.unity.rendering.light-transport/Runtime/UnifiedRayTracing/RayTracingContext.cs
204,204 B,Packages/com.unity.rendering.light-transport/Runtime/UnifiedRayTracing/IRayTracingShader.cs
204,204 B,Packages/com.unity.rendering.light-transport/Runtime/UnifiedRayTracing/IRayTracingBackend.cs
204,204 B,Packages/com.unity.rendering.light-transport/Runtime/UnifiedRayTracing/Compute/BLASPositionsPool.cs
204,204 B,Packages/com.unity.rendering.light-transport/Runtime/UnifiedRayTracing/Common/GeometryPool/GeometryPoolDefs.cs
204,204 B,Packages/com.unity.rendering.light-transport/Runtime/UnifiedRayTracing/Common/AccelStructInstances.cs
204,204 B,Packages/com.unity.rendering.light-transport/Runtime/UnifiedRayTracing/Common/AccelStructAdapter.cs
204,204 B,Packages/com.unity.render-pipelines.universal/Runtime/UniversalRendererRenderGraph.cs
204,204 B,Packages/com.unity.render-pipelines.universal/Runtime/UniversalRendererData.cs
204,204 B,Packages/com.unity.render-pipelines.universal/Runtime/UniversalRenderPipeline.cs
204,204 B,Packages/com.unity.render-pipelines.universal/Runtime/UniversalCameraHistory.cs
204,204 B,Packages/com.unity.render-pipelines.universal/Runtime/Tiling/TileRangeExpansionJob.cs
204,204 B,Packages/com.unity.render-pipelines.universal/Runtime/SupportedOnRenderer.cs
204,204 B,Packages/com.unity.render-pipelines.universal/Runtime/ScriptableRendererData.cs
204,204 B,Packages/com.unity.render-pipelines.universal/Runtime/RendererFeatures/FullScreenPassRendererFeature_OldGUID.cs
204,204 B,Packages/com.unity.render-pipelines.universal/Runtime/ReflectionProbeManager.cs
204,204 B,Packages/com.unity.render-pipelines.universal/Runtime/Passes/TransparentSettingsPass.cs
204,204 B,Packages/com.unity.render-pipelines.universal/Runtime/Passes/MotionVectorRenderPass.cs
204,204 B,Packages/com.unity.render-pipelines.universal/Runtime/Passes/DrawScreenSpaceUIPass.cs
204,204 B,Packages/com.unity.render-pipelines.universal/Runtime/Passes/DepthNormalOnlyPass.cs
204,204 B,Packages/com.unity.render-pipelines.universal/Runtime/Passes/ColorGradingLutPass.cs
204,204 B,Packages/com.unity.render-pipelines.universal/Runtime/NormalReconstruction.cs
204,204 B,Packages/com.unity.render-pipelines.universal/Runtime/FrameData/UniversalResourceData.cs
204,204 B,Packages/com.unity.render-pipelines.universal/Runtime/FrameData/UniversalRenderingData.cs
204,204 B,Packages/com.unity.render-pipelines.universal/Runtime/FrameData/Universal2DResourceData.cs
204,204 B,Packages/com.unity.render-pipelines.universal/Runtime/Decal/ScreenSpace/DecalGBufferRenderPass.cs
204,204 B,Packages/com.unity.render-pipelines.universal/Runtime/Decal/Entities/DecalUpdateCulledSystem.cs
204,204 B,Packages/com.unity.render-pipelines.universal/Runtime/Decal/Entities/DecalUpdateCachedSystem.cs
204,204 B,Packages/com.unity.render-pipelines.universal/Runtime/Decal/Entities/DecalSkipCulledSystem.cs
204,204 B,Packages/com.unity.render-pipelines.universal/Runtime/Decal/DBuffer/DecalForwardEmissivePass.cs
204,204 B,Packages/com.unity.render-pipelines.core/Runtime/XR/XRBuiltinShaderConstants.cs
204,204 B,Packages/com.unity.render-pipelines.core/Runtime/Settings/IDefaultVolumeProfileResource.cs
204,204 B,Packages/com.unity.render-pipelines.core/Runtime/RenderGraph/RenderGraphResourceTexture.cs
204,204 B,Packages/com.unity.render-pipelines.core/Runtime/RenderGraph/IRenderGraphBuilder.cs
204,204 B,Packages/com.unity.render-pipelines.core/Runtime/GPUDriven/IGPUResidentRenderPipeline.cs
204,204 B,Packages/com.unity.render-pipelines.core/Runtime/GPUDriven/GPUResidentDrawerResources.cs
204,204 B,Packages/com.unity.render-pipelines.core/Runtime/GPUDriven/Components/DisallowGPUDrivenRendering.cs
204,204 B,Packages/com.unity.render-pipelines.core/Runtime-PrivateShared/AssemblyInfo.cs
204,204 B,Packages/com.unity.probuilder/Content/Resources/Materials/InvisibleFace.mat
204,204 B,Packages/com.unity.inputsystem/InputSystem/Plugins/UI/StandaloneInputModuleEditor.cs
204,204 B,Packages/com.unity.inputsystem/InputSystem/Plugins/UI/InputSystemUIInputModuleEditor.cs
204,204 B,Assets/Forst/Conifers [BOTD]/Render Pipeline Support/URP/Sources/Billboards/Conifer Small_BillboardAsset.asset
204,204 B,Assets/Forst/Conifers [BOTD]/Render Pipeline Support/URP/Sources/Billboards/Conifer Bare_BillboardAsset.asset
102,102 B,Packages/com.unity.visualscripting/Runtime/VisualScripting.Flow/Ports/MissingValuePortInputException.cs
102,102 B,Packages/com.unity.visualscripting/Runtime/VisualScripting.Flow/EditorBinding/UnitHeaderInspectableAttribute.cs
102,102 B,Packages/com.unity.visualscripting/Runtime/VisualScripting.Flow/Dependencies/NCalc/LogicalExpressionVisitor.cs
102,102 B,Packages/com.unity.visualscripting/Runtime/VisualScripting.Core/Variables/VariableDeclarationCollection.cs
102,102 B,Packages/com.unity.visualscripting/Runtime/VisualScripting.Core/Variables/InspectorVariableNameAttribute.cs
102,102 B,Packages/com.unity.visualscripting/Runtime/VisualScripting.Core/Serialization/SerializationVersionAttribute.cs
102,102 B,Packages/com.unity.visualscripting/Runtime/VisualScripting.Core/Listeners/UIInterfaces/UnityOnPointerUpMessageListener.cs
102,102 B,Packages/com.unity.visualscripting/Runtime/VisualScripting.Core/Listeners/UIInterfaces/UnityOnEndDragMessageListener.cs
102,102 B,Packages/com.unity.visualscripting/Runtime/VisualScripting.Core/Listeners/UIInterfaces/UnityOnDeselectMessageListener.cs
102,102 B,Packages/com.unity.visualscripting/Runtime/VisualScripting.Core/Listeners/UIInterfaces/UnityOnBeginDragMessageListener.cs
102,102 B,Packages/com.unity.visualscripting/Runtime/VisualScripting.Core/Listeners/MonoBehaviour/UnityOnTriggerStayMListener.cs
102,102 B,Packages/com.unity.visualscripting/Runtime/VisualScripting.Core/Listeners/MonoBehaviour/UnityOnTriggerExitMListener.cs
102,102 B,Packages/com.unity.visualscripting/Runtime/VisualScripting.Core/Listeners/MonoBehaviour/UnityOnMouseUpMessageListener.cs
102,102 B,Packages/com.unity.visualscripting/Runtime/VisualScripting.Core/Listeners/MonoBehaviour/UnityOnMouseOverMessageListener.cs
102,102 B,Packages/com.unity.visualscripting/Runtime/VisualScripting.Core/Listeners/MonoBehaviour/UnityOnMouseExitMessageListener.cs
102,102 B,Packages/com.unity.visualscripting/Runtime/VisualScripting.Core/Listeners/MonoBehaviour/UnityOnMouseEnterMessageListener.cs
102,102 B,Packages/com.unity.visualscripting/Runtime/VisualScripting.Core/Listeners/MonoBehaviour/UnityOnMouseDragMessageListener.cs
102,102 B,Packages/com.unity.visualscripting/Runtime/VisualScripting.Core/Listeners/MonoBehaviour/UnityOnMouseDownMessageListener.cs
102,102 B,Packages/com.unity.visualscripting/Runtime/VisualScripting.Core/Listeners/MonoBehaviour/UnityOnJointBreakMessageListener.cs
102,102 B,Packages/com.unity.visualscripting/Runtime/VisualScripting.Core/Exceptions/InvalidImplementationException.cs
102,102 B,Packages/com.unity.visualscripting/Runtime/VisualScripting.Core/EditorBinding/Inspector/InspectorExpandTooltipAttribute.cs
102,102 B,Packages/com.unity.visualscripting/Runtime/VisualScripting.Core/EditorBinding/Inspector/InspectorAdaptiveWidthAttribute.cs
102,102 B,Packages/com.unity.visualscripting/Runtime/VisualScripting.Core/Dependencies/FullSerializer/Internal/fsPortableReflection.cs
102,102 B,Packages/com.unity.visualscripting/Runtime/VisualScripting.Core/Attributes/VisualScriptingHelpURLAttribute.cs
102,102 B,Packages/com.unity.render-pipelines.universal/Runtime/UniversalRendererDebug.cs
102,102 B,Packages/com.unity.render-pipelines.universal/Runtime/Passes/PostProcessPassRenderGraph.cs
102,102 B,Packages/com.unity.render-pipelines.universal/Runtime/MotionVectors.cs
102,102 B,Packages/com.unity.render-pipelines.universal/Runtime/Decal/DecalDrawErrorRenderPass.cs
102,102 B,Packages/com.unity.render-pipelines.universal/Runtime/2D/Shadows/ShadowProvider/ShapeProviderUtility.cs
102,102 B,Packages/com.unity.render-pipelines.universal/Runtime/2D/Shadows/ShadowCasterGroup2D.cs
102,102 B,Packages/com.unity.render-pipelines.universal/Runtime/2D/Rendergraph/GlobalPropertiesPass.cs
102,102 B,Packages/com.unity.render-pipelines.universal/Runtime/2D/Rendergraph/DrawRenderer2DPass.cs
102,102 B,Packages/com.unity.render-pipelines.universal/Runtime/2D/PixelPerfectCamera.cs
102,102 B,Packages/com.unity.render-pipelines.universal/Runtime/2D/Passes/Utility/Light2DLookupTexture.cs
102,102 B,Packages/com.unity.render-pipelines.universal/Runtime/2D/Passes/Render2DLightingPass.cs
102,102 B,Packages/com.unity.render-pipelines.universal/Runtime/2D/Light2DCullResult.cs
102,102 B,Packages/com.unity.render-pipelines.universal/Runtime/2D/Light2DBlendStyle.cs
102,102 B,Packages/com.unity.render-pipelines.core/Runtime/Utilities/BatchRendererGroupGlobals.cs
102,102 B,Packages/com.unity.render-pipelines.core/Runtime/Settings/IncludeRenderPipelineAsset.cs
102,102 B,Packages/com.unity.render-pipelines.core/Runtime/STP/ISTPEnabledRenderPipeline.cs
102,102 B,Packages/com.unity.render-pipelines.core/Runtime/RenderGraph/RenderGraphUtilsBlit.cs
102,102 B,Packages/com.unity.render-pipelines.core/Runtime/RenderGraph/RenderGraphResourceBuffer.cs
102,102 B,Packages/com.unity.render-pipelines.core/Runtime/RenderGraph/RenderGraphLogger.cs
102,102 B,Packages/com.unity.render-pipelines.core/Runtime/RenderGraph/RenderGraphGlobalSettings.cs
102,102 B,Packages/com.unity.render-pipelines.core/Runtime/RenderGraph/RenderGraphBuilders.cs
102,102 B,Packages/com.unity.render-pipelines.core/Runtime/RenderGraph/RenderGraphBuilder.cs
102,102 B,Packages/com.unity.render-pipelines.core/Runtime/RenderGraph/IRenderGraphRecorder.cs
102,102 B,Packages/com.unity.render-pipelines.core/Runtime/Lighting/ProbeVolume/ShaderVariablesProbeVolumes.cs
102,102 B,Packages/com.unity.render-pipelines.core/Runtime/Lighting/ProbeVolume/ProbeVolumeStreamableAsset.cs
102,102 B,Packages/com.unity.render-pipelines.core/Runtime/Lighting/ProbeVolume/ProbeVolumeScratchBufferPool.cs
102,102 B,Packages/com.unity.render-pipelines.core/Runtime/Lighting/ProbeVolume/ProbeVolumeGlobalSettings.cs
102,102 B,Packages/com.unity.render-pipelines.core/Runtime/GPUDriven/InstanceData/InstanceWindDataUpdateDefs.cs
102,102 B,Packages/com.unity.render-pipelines.core/Runtime/GPUDriven/InstanceData/InstanceTransformUpdateDefs.cs
102,102 B,Packages/com.unity.render-pipelines.core/Runtime/GPUDriven/InstanceData/GPUInstanceDataUploader.cs
102,102 B,Packages/com.unity.render-pipelines.core/Runtime/GPUDriven/GPUResidentDrawerTypes.cs
102,102 B,Packages/com.unity.render-pipelines.core/Runtime/Debugging/Prefabs/Scripts/DebugUIHandlerToggleHistory.cs
102,102 B,Packages/com.unity.render-pipelines.core/Runtime/Debugging/Prefabs/Scripts/DebugUIHandlerProgressBar.cs
102,102 B,Packages/com.unity.render-pipelines.core/Runtime/Debugging/Prefabs/Scripts/DebugUIHandlerIndirectToggle.cs
102,102 B,Packages/com.unity.render-pipelines.core/Runtime/Debugging/Prefabs/Scripts/DebugUIHandlerEnumHistory.cs
102,102 B,Packages/com.unity.render-pipelines.core/Runtime/Debugging/IDebugDisplaySettingsQuery.cs
102,102 B,Packages/com.unity.render-pipelines.core/Runtime/Debugging/IDebugDisplaySettingsPanel.cs
102,102 B,Packages/com.unity.render-pipelines.core/Runtime/Debugging/IDebugDisplaySettingsData.cs
102,102 B,Packages/com.unity.render-pipelines.core/Runtime/Debugging/DebugDisplaySettingsVolumes.cs
102,102 B,Packages/com.unity.render-pipelines.core/Runtime/Debugging/DebugDisplaySettingsPanel.cs
102,102 B,Packages/com.unity.probuilder/External/Poly2Tri/Triangulation/TriangulationDebugContext.cs
102,102 B,Packages/com.unity.inputsystem/InputSystem/Plugins/InputForUI/InputActionAssetVerifier.cs
102,102 B,Packages/com.unity.inputsystem/InputSystem/Editor/UITKAssetEditor/Views/CompositeBindingPropertiesView.cs
102,102 B,Packages/com.unity.inputsystem/InputSystem/Editor/UITKAssetEditor/InputActionsEditorWindowUtils.cs
102,102 B,Packages/com.unity.inputsystem/InputSystem/Editor/PropertyDrawers/InputActionAssetSearchProvider.cs
102,102 B,Packages/com.unity.inputsystem/InputSystem/Editor/ProjectWideActions/ProjectWideActionsBuildProvider.cs
102,102 B,Packages/com.unity.inputsystem/InputSystem/Editor/Internal/SerializedPropertyLinqExtensions.cs
102,102 B,Packages/com.unity.inputsystem/InputSystem/Editor/Internal/InputActionSerializationHelpers.cs
102,102 B,Packages/com.unity.inputsystem/InputSystem/Editor/EditorInputControlLayoutCache.cs
102,102 B,Packages/com.unity.inputsystem/InputSystem/Editor/ControlPicker/Layouts/TouchscreenControlPickerLayout.cs
102,102 B,Packages/com.unity.inputsystem/InputSystem/Editor/ControlPicker/Layouts/DefaultInputControlPickerLayout.cs
102,102 B,Packages/com.unity.inputsystem/InputSystem/Editor/Analytics/VirtualMouseInputEditorAnalytic.cs
102,102 B,Packages/com.unity.inputsystem/InputSystem/Editor/Analytics/PlayerInputManagerEditorAnalytic.cs
102,102 B,Packages/com.unity.inputsystem/InputSystem/Devices/Commands/QuerySamplingFrequencyCommand.cs
102,102 B,Packages/com.unity.inputsystem/InputSystem/Devices/Commands/QueryPairedUserAccountCommand.cs
102,102 B,Packages/com.unity.visualscripting/Runtime/VisualScripting.Core/Dependencies/FullSerializer/fsExceptions.cs
102,102 B,Packages/com.unity.visualscripting/Runtime/VisualScripting.Core/Dependencies/FullSerializer/fsAotCompilationManager.cs
102,102 B,Packages/com.unity.visualscripting/Runtime/VisualScripting.Core/Dependencies/FullSerializer/Converters/fsWeakReferenceConverter.cs
102,102 B,Packages/com.unity.visualscripting/Runtime/VisualScripting.Core/Dependencies/FullSerializer/Converters/fsKeyValuePairConverter.cs
102,102 B,Packages/com.unity.visualscripting/Runtime/VisualScripting.Core/Dependencies/FullSerializer/Converters/fsIEnumerableConverter.cs
102,102 B,Packages/com.unity.visualscripting/Runtime/VisualScripting.Core/Dependencies/FullSerializer/Converters/fsDictionaryConverter.cs
102,102 B,Packages/com.unity.visualscripting/Runtime/VisualScripting.Core/Dependencies/FullSerializer/Converters/Unity/Keyframe_DirectConverter.cs
102,102 B,Packages/com.unity.visualscripting/Runtime/VisualScripting.Core/Dependencies/FullSerializer/Converters/Unity/Gradient_DirectConverter.cs
102,102 B,Packages/com.unity.visualscripting/Runtime/VisualScripting.Core/Dependencies/FullSerializer/Converters/Unity/GUIStyle_DirectConverter.cs
102,102 B,Packages/com.unity.visualscripting/Runtime/VisualScripting.Core/Dependencies/FullSerializer/Converters/Unity/Bounds_DirectConverter.cs
102,102 B,Packages/com.unity.rendering.light-transport/Runtime/UnifiedRayTracing/Compute/RadeonRays/HlbvhTopLevelBuilder.cs
102,102 B,Packages/com.unity.rendering.light-transport/Runtime/UnifiedRayTracing/Common/Utilities/GraphicsHelpers.cs
102,102 B,Packages/com.unity.rendering.light-transport/Runtime/UnifiedRayTracing/Common/Utilities/BlockAllocator.cs
102,102 B,Packages/com.unity.rendering.light-transport/Runtime/UnifiedRayTracing/Common/Utilities/BackendHelpers.cs
102,102 B,Packages/com.unity.rendering.light-transport/Runtime/UnifiedRayTracing/Common/TerrainToMesh.cs
102,102 B,Packages/com.unity.rendering.light-transport/Runtime/Sampling/SamplingResources.cs
102,102 B,Packages/com.unity.render-pipelines.universal/Runtime/XR/XRSystemUniversal.cs
102,102 B,Packages/com.unity.render-pipelines.universal/Runtime/UniversalRenderer.cs
102,102 B,Packages/com.unity.render-pipelines.universal/Runtime/SpaceFillingCurves.cs
102,102 B,Packages/com.unity.render-pipelines.universal/Runtime/Settings/RenderGraphSettings.cs
102,102 B,Packages/com.unity.render-pipelines.universal/Runtime/ScriptableRenderer.cs
102,102 B,Packages/com.unity.render-pipelines.universal/Runtime/SceneViewDrawMode.cs
102,102 B,Packages/com.unity.render-pipelines.universal/Runtime/RenderingLayerUtils.cs
102,102 B,Packages/com.unity.render-pipelines.universal/Runtime/RendererFeatures/ScreenSpaceShadows.cs
102,102 B,Packages/com.unity.render-pipelines.universal/Runtime/RendererFeatures/DecalRendererFeature.cs
102,102 B,Packages/com.unity.render-pipelines.universal/Runtime/RenderTargetHandle.cs
102,102 B,Packages/com.unity.render-pipelines.universal/Runtime/RenderPipelineResources/Renderer2DResources.cs
102,102 B,Packages/com.unity.render-pipelines.universal/Runtime/PostProcessPasses.cs
102,102 B,Packages/com.unity.render-pipelines.universal/Runtime/Passes/XROcclusionMeshPass.cs
102,102 B,Packages/com.unity.render-pipelines.universal/Runtime/Passes/XRDepthMotionPass.cs
102,102 B,Packages/com.unity.render-pipelines.universal/Runtime/Passes/ScriptableRenderPass.cs
102,102 B,Packages/com.unity.render-pipelines.universal/Runtime/Passes/RenderObjectsPass.cs
102,102 B,Packages/com.unity.render-pipelines.universal/Runtime/Passes/ProbeVolumeDebugPass.cs
102,102 B,Packages/com.unity.render-pipelines.universal/Runtime/Passes/FinalBlitPass.cs
102,102 B,Packages/com.unity.render-pipelines.universal/Runtime/Passes/DrawObjectsPass.cs
102,102 B,Packages/com.unity.render-pipelines.universal/Runtime/Passes/DepthOnlyPass.cs
102,102 B,Packages/com.unity.render-pipelines.universal/Runtime/Passes/CopyDepthPass.cs
102,102 B,Packages/com.unity.render-pipelines.universal/Runtime/Passes/CopyColorPass.cs
102,102 B,Packages/com.unity.render-pipelines.universal/Runtime/Overrides/ScreenSpaceLensFlare.cs
102,102 B,Packages/com.unity.render-pipelines.universal/Runtime/Overrides/ChromaticAberration.cs
102,102 B,Packages/com.unity.render-pipelines.universal/Runtime/LightCookieManager.cs
102,102 B,Packages/com.unity.render-pipelines.universal/Runtime/History/SingleHistoryBase.cs
102,102 B,Packages/com.unity.render-pipelines.universal/Runtime/FrameData/UniversalShadowData.cs
102,102 B,Packages/com.unity.render-pipelines.universal/Runtime/FrameData/UniversalLightData.cs
102,102 B,Packages/com.unity.render-pipelines.universal/Runtime/FrameData/UniversalCameraData.cs
102,102 B,Packages/com.unity.render-pipelines.universal/Runtime/ForwardRendererData.cs
102,102 B,Packages/com.unity.render-pipelines.universal/Runtime/ForwardLights.cs
102,102 B,Packages/com.unity.render-pipelines.universal/Runtime/DeferredLights.cs
102,102 B,Packages/com.unity.render-pipelines.universal/Runtime/Decal/Entities/DecalEntityManager.cs
102,102 B,Packages/com.unity.render-pipelines.universal/Runtime/Decal/DecalShaderPassNames.cs
102,102 B,Packages/com.unity.render-pipelines.universal/Runtime/Decal/DBuffer/DBufferRenderPass.cs
102,102 B,Packages/com.unity.render-pipelines.universal/Runtime/Decal/DBuffer/DBufferDepthCopyPass.cs
102,102 B,Packages/com.unity.render-pipelines.universal/Runtime/2D/Rendergraph/Renderer2DRendergraph.cs
102,102 B,Packages/com.unity.render-pipelines.core/Runtime/RenderGraph/RenderGraphResources.cs
102,102 B,Packages/com.unity.render-pipelines.core/Runtime/RenderGraph/RenderGraph.DebugData.cs
102,102 B,Packages/com.unity.render-pipelines.core/Runtime/Lighting/ProbeVolume/ProbeReferenceVolume.Streaming.cs
102,102 B,Packages/com.unity.render-pipelines.core/Runtime/Lighting/ProbeVolume/ProbeReferenceVolume.Debug.cs
102,102 B,Packages/com.unity.render-pipelines.core/Runtime/GPUDriven/Utilities/ParallelSortExtensions.cs
102,102 B,Packages/com.unity.render-pipelines.core/Runtime/GPUDriven/RenderersBatchersContext.cs
102,102 B,Packages/com.unity.render-pipelines.core/Runtime/GPUDriven/OcclusionCullingCommon.cs
102,102 B,Packages/com.unity.render-pipelines.core/Runtime/GPUDriven/LODGroupRenderingUtils.cs
102,102 B,Packages/com.unity.render-pipelines.core/Runtime/GPUDriven/InstanceData/GPUInstanceDataBuffer.cs
102,102 B,Packages/com.unity.render-pipelines.core/Runtime/GPUDriven/InstanceCullingBatcher.cs
102,102 B,Packages/com.unity.render-pipelines.core/Runtime/GPUDriven/GPUResidentDrawerDebug.cs
102,102 B,Packages/com.unity.render-pipelines.core/Runtime/GPUDriven/GPUResidentDrawer.Validator.cs
102,102 B,Packages/com.unity.render-pipelines.core/Runtime/GPUDriven/GPUResidentBatcher.SpeedTree.cs
102,102 B,Packages/com.unity.render-pipelines.core/Runtime/GPUDriven/Components/DisallowSmallMeshCulling.cs
102,102 B,Packages/com.unity.multiplayer.center/Common/SelectedSolutionsData.cs
102,102 B,Packages/com.unity.inputsystem/InputSystem/Utilities/DisplayStringFormatAttribute.cs
102,102 B,Packages/com.unity.inputsystem/InputSystem/Plugins/XR/Haptics/SendBufferedHapticsCommand.cs
102,102 B,Packages/com.unity.inputsystem/InputSystem/Plugins/XR/Haptics/GetHapticCapabilitiesCommand.cs
102,102 B,Packages/com.unity.inputsystem/InputSystem/Plugins/XR/Haptics/GetCurrentHapticStateCommand.cs
102,102 B,Packages/com.unity.inputsystem/InputSystem/Plugins/UI/ExtendedSubmitCancelEventData.cs
102,102 B,Packages/com.unity.inputsystem/InputSystem/Plugins/Android/AndroidGameController.cs
102,102 B,Packages/com.unity.inputsystem/InputSystem/Controls/Processors/NormalizeVector3Processor.cs
102,102 B,Packages/com.unity.inputsystem/InputSystem/Controls/Processors/NormalizeVector2Processor.cs
102,102 B,Packages/com.unity.inputsystem/InputSystem/Controls/Processors/EditorWindowSpaceProcessor.cs
102,102 B,Packages/com.unity.inputsystem/InputSystem/Controls/Processors/CompensateRotationProcessor.cs
102,102 B,Packages/com.unity.inputsystem/InputSystem/Controls/Processors/CompensateDirectionProcessor.cs
102,102 B,Packages/com.unity.collections/Unity.Collections/UnsafeParallelHashSetExtensions.gen.cs
102,102 B,Packages/com.unity.collections/Unity.Collections/UnsafeParallelHashMap.cs
102,102 B,Packages/com.unity.cinemachine/Runtime/Impulse/CinemachineCollisionImpulseSource.cs
102,102 B,Packages/com.unity.cinemachine/Runtime/Impulse/CinemachinExternalImpulseListener.cs
102,102 B,Packages/com.unity.cinemachine/Runtime/Components/CinemachineSplineDollyLookAtTargets.cs
102,102 B,Packages/com.unity.cinemachine/Runtime/Components/CinemachineRotateWithFollowTarget.cs
102,102 B,Packages/com.unity.cinemachine/Runtime/Components/CinemachineBasicMultiChannelPerlin.cs
102,102 B,Packages/com.unity.visualscripting/Runtime/VisualScripting.State/IStateTransitionDebugData.cs
102,102 B,Packages/com.unity.visualscripting/Runtime/VisualScripting.Flow/Ports/IUnitOutputPortDefinition.cs
102,102 B,Packages/com.unity.visualscripting/Runtime/VisualScripting.Flow/Ports/IUnitControlPortDefinition.cs
102,102 B,Packages/com.unity.visualscripting/Runtime/VisualScripting.Flow/Framework/Variables/Obsolete/IsApplicationVariableDefined.cs
102,102 B,Packages/com.unity.visualscripting/Runtime/VisualScripting.Flow/Framework/Events/Hierarchy/OnTransformChildrenChanged.cs
102,102 B,Packages/com.unity.visualscripting/Runtime/VisualScripting.Flow/Dependencies/NCalc/TernaryExpression.cs
102,102 B,Packages/com.unity.visualscripting/Runtime/VisualScripting.Flow/Dependencies/NCalc/SerializationVisitor.cs
102,102 B,Packages/com.unity.visualscripting/Runtime/VisualScripting.Flow/Dependencies/NCalc/LogicalExpression.cs
102,102 B,Packages/com.unity.visualscripting/Runtime/VisualScripting.Flow/Dependencies/NCalc/IdentifierExpression.cs
102,102 B,Packages/com.unity.visualscripting/Runtime/VisualScripting.Flow/Dependencies/NCalc/FunctionExpression.cs
102,102 B,Packages/com.unity.visualscripting/Runtime/VisualScripting.Flow/Dependencies/NCalc/EvaluationVisitor.cs
102,102 B,Packages/com.unity.visualscripting/Runtime/VisualScripting.Flow/Dependencies/NCalc/EvaluationException.cs
102,102 B,Packages/com.unity.visualscripting/Runtime/VisualScripting.Core/Variables/VariableDeclarationsCloner.cs
102,102 B,Packages/com.unity.visualscripting/Runtime/VisualScripting.Core/Utilities/ReferenceEqualityComparer.cs
102,102 B,Packages/com.unity.visualscripting/Runtime/VisualScripting.Core/Unity/UnityObjectOwnershipUtility.cs
102,102 B,Packages/com.unity.visualscripting/Runtime/VisualScripting.Core/Unity/RequiresUnityAPIAttribute.cs
102,102 B,Packages/com.unity.visualscripting/Runtime/VisualScripting.Core/SerializedProperties/ISerializedPropertyProvider.cs
102,102 B,Packages/com.unity.visualscripting/Runtime/VisualScripting.Core/Serialization/Converters/LooseAssemblyNameConverter.cs
102,102 B,Packages/com.unity.visualscripting/Runtime/VisualScripting.Core/Reflection/RenamedNamespaceAttribute.cs
102,102 B,Packages/com.unity.visualscripting/Runtime/VisualScripting.Core/Reflection/Optimization/ReflectionPropertyAccessor.cs
102,102 B,Packages/com.unity.visualscripting/Runtime/VisualScripting.Core/Reflection/Operators/GreaterThanOrEqualHandler.cs
102,102 B,Packages/com.unity.visualscripting/Runtime/VisualScripting.Core/Reflection/Operators/AmbiguousOperatorException.cs
102,102 B,Packages/com.unity.visualscripting/Runtime/VisualScripting.Core/Profiling/ProfiledSegmentCollection.cs
102,102 B,Packages/com.unity.visualscripting/Runtime/VisualScripting.Core/Listeners/UIInterfaces/UnityOnSubmitMessageListener.cs
102,102 B,Packages/com.unity.visualscripting/Runtime/VisualScripting.Core/Listeners/UIInterfaces/UnityOnSelectMessageListener.cs
102,102 B,Packages/com.unity.visualscripting/Runtime/VisualScripting.Core/Listeners/UIInterfaces/UnityOnScrollMessageListener.cs
102,102 B,Packages/com.unity.visualscripting/Runtime/VisualScripting.Core/Listeners/UIInterfaces/UnityOnMoveMessageListener.cs
102,102 B,Packages/com.unity.visualscripting/Runtime/VisualScripting.Core/Listeners/UIInterfaces/UnityOnDropMessageListener.cs
102,102 B,Packages/com.unity.visualscripting/Runtime/VisualScripting.Core/Listeners/UIInterfaces/UnityOnDragMessageListener.cs
102,102 B,Packages/com.unity.visualscripting/Runtime/VisualScripting.Core/Listeners/UIInterfaces/UnityOnCancelMessageListener.cs
102,102 B,Packages/com.unity.visualscripting/Runtime/VisualScripting.Core/Graphs/MergedGraphElementCollection.cs
102,102 B,Packages/com.unity.visualscripting/Runtime/VisualScripting.Core/Graphs/IGraphElementWithDebugData.cs
102,102 B,Packages/com.unity.visualscripting/Runtime/VisualScripting.Core/Exceptions/InvalidConversionException.cs
102,102 B,Packages/com.unity.visualscripting/Runtime/VisualScripting.Core/EditorBinding/WarnBeforeRemovingAttribute.cs
102,102 B,Packages/com.unity.visualscripting/Runtime/VisualScripting.Core/EditorBinding/WarnBeforeEditingAttribute.cs
102,102 B,Packages/com.unity.visualscripting/Runtime/VisualScripting.Core/EditorBinding/TypeIconPriorityAttribute.cs
102,102 B,Packages/com.unity.visualscripting/Runtime/VisualScripting.Core/EditorBinding/Inspector/InspectorToggleLeftAttribute.cs
102,102 B,Packages/com.unity.visualscripting/Runtime/VisualScripting.Core/EditorBinding/Inspector/InspectorTextAreaAttribute.cs
102,102 B,Packages/com.unity.visualscripting/Runtime/VisualScripting.Core/EditorBinding/Inspector/InspectorDelayedAttribute.cs
102,102 B,Packages/com.unity.visualscripting/Runtime/VisualScripting.Core/EditorBinding/IncludeInSettingsAttribute.cs
102,102 B,Packages/com.unity.visualscripting/Runtime/VisualScripting.Core/EditorBinding/DisableAnnotationAttribute.cs
102,102 B,Packages/com.unity.visualscripting/Runtime/VisualScripting.Core/Dependencies/FullSerializer/Internal/fsVersionedType.cs
102,102 B,Packages/com.unity.visualscripting/Runtime/VisualScripting.Core/Dependencies/FullSerializer/Internal/fsVersionManager.cs
102,102 B,Packages/com.unity.visualscripting/Runtime/VisualScripting.Core/Dependencies/FullSerializer/Internal/fsTypeExtensions.cs
102,102 B,Packages/com.unity.visualscripting/Runtime/VisualScripting.Core/Connections/InvalidConnectionException.cs
102,102 B,Packages/com.unity.render-pipelines.universal/Runtime/RTHandleUtils.cs
102,102 B,Packages/com.unity.render-pipelines.universal/Runtime/NativeRenderPass.cs
102,102 B,Packages/com.unity.render-pipelines.universal/Runtime/2D/UTess2D/Tessellator.cs
102,102 B,Packages/com.unity.render-pipelines.universal/Runtime/2D/UTess2D/PlanarGraph.cs
102,102 B,Packages/com.unity.render-pipelines.universal/Runtime/2D/Shadows/ShadowRendering.cs
102,102 B,Packages/com.unity.render-pipelines.universal/Runtime/2D/Shadows/ShadowProvider/ShadowUtility.cs
102,102 B,Packages/com.unity.render-pipelines.universal/Runtime/2D/Shadows/ShadowProvider/ShadowShape2D.cs
102,102 B,Packages/com.unity.render-pipelines.universal/Runtime/2D/Shadows/ShadowProvider/EdgeDictionary.cs
102,102 B,Packages/com.unity.render-pipelines.universal/Runtime/2D/Shadows/ShadowCaster2D.cs
102,102 B,Packages/com.unity.render-pipelines.universal/Runtime/2D/Rendergraph/DrawShadow2DPass.cs
102,102 B,Packages/com.unity.render-pipelines.universal/Runtime/2D/Rendergraph/DrawNormal2DPass.cs
102,102 B,Packages/com.unity.render-pipelines.universal/Runtime/2D/Rendergraph/DrawLight2DPass.cs
102,102 B,Packages/com.unity.render-pipelines.universal/Runtime/2D/Renderer2DData.cs
102,102 B,Packages/com.unity.render-pipelines.universal/Runtime/2D/Passes/Utility/RendererLighting.cs
102,102 B,Packages/com.unity.render-pipelines.universal/Runtime/2D/Passes/IRenderPass2D.cs
102,102 B,Packages/com.unity.render-pipelines.universal/Runtime/2D/Light2DManager.cs
102,102 B,Packages/com.unity.render-pipelines.universal-config/Runtime/ShaderConfig.cs
102,102 B,Packages/com.unity.render-pipelines.core/Runtime/XR/XRGraphicsAutomatedTests.cs
102,102 B,Packages/com.unity.render-pipelines.core/Runtime/Textures/PowerOfTwoTextureAtlas.cs
102,102 B,Packages/com.unity.render-pipelines.core/Runtime/Textures/BufferedRTHandleSystem.cs
102,102 B,Packages/com.unity.render-pipelines.core/Runtime/Settings/ShaderStrippingSetting.cs
102,102 B,Packages/com.unity.render-pipelines.core/Runtime/RenderPipeline/RenderPipelineResources.cs
102,102 B,Packages/com.unity.render-pipelines.core/Runtime/RenderGraph/RenderGraphPass.cs
102,102 B,Packages/com.unity.render-pipelines.core/Runtime/RenderGraph/RenderGraph.Compiler.cs
102,102 B,Packages/com.unity.render-pipelines.core/Runtime/PostProcessing/LensFlareComponentSRP.cs
102,102 B,Packages/com.unity.render-pipelines.core/Runtime/PostProcessing/IPostProcessComponent.cs
102,102 B,Packages/com.unity.render-pipelines.core/Runtime/Lighting/ProbeVolume/ProbeVolumePositioning.cs
102,102 B,Packages/com.unity.render-pipelines.core/Runtime/Lighting/ProbeVolume/ProbeVolumePerSceneData.cs
102,102 B,Packages/com.unity.render-pipelines.core/Runtime/Lighting/ProbeVolume/ProbeReferenceVolume.Binding.cs
102,102 B,Packages/com.unity.render-pipelines.core/Runtime/Lighting/ProbeVolume/ProbeAdjustmentVolume.cs
102,102 B,Packages/com.unity.render-pipelines.core/Runtime/GPUDriven/InstanceOcclusionCuller.cs
102,102 B,Packages/com.unity.render-pipelines.core/Runtime/GPUDriven/InstanceData/InstanceDataSystem.Jobs.cs
102,102 B,Packages/com.unity.render-pipelines.core/Runtime/Debugging/ShaderDebugPrintManager.cs
102,102 B,Packages/com.unity.render-pipelines.core/Runtime/Debugging/Prefabs/Scripts/DebugUIHandlerVector4.cs
102,102 B,Packages/com.unity.render-pipelines.core/Runtime/Debugging/Prefabs/Scripts/DebugUIHandlerVector3.cs
102,102 B,Packages/com.unity.render-pipelines.core/Runtime/Debugging/Prefabs/Scripts/DebugUIHandlerVector2.cs
102,102 B,Packages/com.unity.render-pipelines.core/Runtime/Debugging/Prefabs/Scripts/DebugUIHandlerValueTuple.cs
102,102 B,Packages/com.unity.render-pipelines.core/Runtime/Debugging/Prefabs/Scripts/DebugUIHandlerUIntField.cs
102,102 B,Packages/com.unity.render-pipelines.core/Runtime/Debugging/Prefabs/Scripts/DebugUIHandlerObjectList.cs
102,102 B,Packages/com.unity.render-pipelines.core/Runtime/Debugging/Prefabs/Scripts/DebugUIHandlerMessageBox.cs
102,102 B,Packages/com.unity.render-pipelines.core/Runtime/Debugging/Prefabs/Scripts/DebugUIHandlerIntField.cs
102,102 B,Packages/com.unity.render-pipelines.core/Runtime/Debugging/Prefabs/Scripts/DebugUIHandlerFoldout.cs
102,102 B,Packages/com.unity.render-pipelines.core/Runtime/Debugging/Prefabs/Scripts/DebugUIHandlerFloatField.cs
102,102 B,Packages/com.unity.render-pipelines.core/Runtime/Debugging/Prefabs/Scripts/DebugUIHandlerEnumField.cs
102,102 B,Packages/com.unity.render-pipelines.core/Runtime/Debugging/Prefabs/Scripts/DebugUIHandlerContainer.cs
102,102 B,Packages/com.unity.render-pipelines.core/Runtime/Debugging/Prefabs/Scripts/DebugUIHandlerBitField.cs
102,102 B,Packages/com.unity.render-pipelines.core/Runtime/Debugging/IDebugDisplaySettings.cs
102,102 B,Packages/com.unity.render-pipelines.core/Runtime/Debugging/DebugDisplaySettingsUI.cs
102,102 B,Packages/com.unity.render-pipelines.core/Runtime/Common/RemoveRange.Extensions.cs
102,102 B,Packages/com.unity.render-pipelines.core/Runtime/Common/DynamicResolutionHandler.cs
102,102 B,Packages/com.unity.render-pipelines.core/Runtime/CommandBuffers/IComputeCommandBuffer.cs
102,102 B,Packages/com.unity.render-pipelines.core/Runtime/Camera/CameraHistory.cs
102,102 B,Packages/com.unity.probuilder/External/Poly2Tri/Triangulation/TriangulationConstraint.cs
102,102 B,Packages/com.unity.probuilder/External/Poly2Tri/Triangulation/Delaunay/Sweep/DTSweepPointComparator.cs
102,102 B,Packages/com.unity.inputsystem/InputSystem/State/IInputStateCallbackReceiver.cs
102,102 B,Packages/com.unity.inputsystem/InputSystem/Plugins/InputForUI/InputSystemProvider.cs
102,102 B,Packages/com.unity.inputsystem/InputSystem/Plugins/DualShock/DualShockGamepadHID.cs
102,102 B,Packages/com.unity.inputsystem/InputSystem/Editor/UITKAssetEditor/Views/NameAndParametersListView.cs
102,102 B,Packages/com.unity.inputsystem/InputSystem/Editor/UITKAssetEditor/Views/InputActionMapsTreeViewItem.cs
102,102 B,Packages/com.unity.inputsystem/InputSystem/Editor/UITKAssetEditor/InputActionsEditorConstants.cs
102,102 B,Packages/com.unity.inputsystem/InputSystem/Editor/Settings/InputSettingsBuildProvider.cs
102,102 B,Packages/com.unity.inputsystem/InputSystem/Editor/Settings/EditorPlayerSettingHelpers.cs
102,102 B,Packages/com.unity.inputsystem/InputSystem/Editor/PropertyDrawers/InputActionPropertyDrawer.cs
102,102 B,Packages/com.unity.inputsystem/InputSystem/Editor/PropertyDrawers/GamepadButtonPropertyDrawer.cs
102,102 B,Packages/com.unity.inputsystem/InputSystem/Editor/Internal/SerializedPropertyHelpers.cs
102,102 B,Packages/com.unity.inputsystem/InputSystem/Editor/Internal/AdvancedDropdown/AdvancedDropdownDataSource.cs
102,102 B,Packages/com.unity.inputsystem/InputSystem/Editor/InputSystemPackageControl.cs
102,102 B,Packages/com.unity.inputsystem/InputSystem/Editor/Debugger/InputDeviceDebuggerWindow.cs
102,102 B,Packages/com.unity.inputsystem/InputSystem/Editor/Debugger/InputActionDebuggerWindow.cs
102,102 B,Packages/com.unity.inputsystem/InputSystem/Editor/ControlPicker/InputControlPickerDropdown.cs
102,102 B,Packages/com.unity.inputsystem/InputSystem/Editor/ControlPicker/IInputControlPickerLayout.cs
102,102 B,Packages/com.unity.inputsystem/InputSystem/Editor/AssetImporter/InputActionImporterEditor.cs
102,102 B,Packages/com.unity.inputsystem/InputSystem/Editor/AssetImporter/InputActionAssetIconLoader.cs
102,102 B,Packages/com.unity.inputsystem/InputSystem/Editor/AssetEditor/InputBindingPropertiesView.cs
102,102 B,Packages/com.unity.inputsystem/InputSystem/Editor/AssetEditor/InputActionPropertiesView.cs
102,102 B,Packages/com.unity.inputsystem/InputSystem/Editor/Analytics/PlayerInputEditorAnalytic.cs
102,102 B,Packages/com.unity.inputsystem/InputSystem/Editor/Analytics/OnScreenStickEditorAnalytic.cs
102,102 B,Packages/com.unity.inputsystem/InputSystem/Editor/Analytics/InputExitPlayModeAnalytic.cs
102,102 B,Packages/com.unity.inputsystem/InputSystem/Editor/Analytics/InputComponentEditorAnalytic.cs
102,102 B,Packages/com.unity.inputsystem/InputSystem/Devices/IInputUpdateCallbackReceiver.cs
102,102 B,Packages/com.unity.inputsystem/InputSystem/Devices/Commands/SetSamplingFrequencyCommand.cs
102,102 B,Packages/com.unity.inputsystem/InputSystem/Devices/Commands/SetIMECursorPositionCommand.cs
102,102 B,Packages/com.unity.inputsystem/InputSystem/Devices/Commands/QueryKeyboardLayoutCommand.cs
102,102 B,Packages/com.unity.inputsystem/InputSystem/Devices/Commands/EnableIMECompositionCommand.cs
102,102 B,Packages/com.unity.inputsystem/InputSystem/Controls/InputControlLayoutAttribute.cs
102,102 B,Packages/com.unity.inputsystem/InputSystem/Actions/InputActionRebindingExtensions.cs
102,102 B,Packages/com.unity.collections/Unity.Collections/UnsafeNotBurstCompatible.cs
102,102 B,Packages/com.unity.visualscripting/Runtime/VisualScripting.Flow/Framework/Events/Input/InputSystem/OnInputSystemEvent.cs
102,102 B,Packages/com.unity.visualscripting/Runtime/VisualScripting.Core/Dependencies/FullSerializer/fsPropertyAttribute.cs
102,102 B,Packages/com.unity.visualscripting/Runtime/VisualScripting.Core/Dependencies/FullSerializer/fsObjectProcessor.cs
102,102 B,Packages/com.unity.visualscripting/Runtime/VisualScripting.Core/Dependencies/FullSerializer/fsObjectAttribute.cs
102,102 B,Packages/com.unity.visualscripting/Runtime/VisualScripting.Core/Dependencies/FullSerializer/fsIgnoreAttribute.cs
102,102 B,Packages/com.unity.visualscripting/Runtime/VisualScripting.Core/Dependencies/FullSerializer/fsDirectConverter.cs
102,102 B,Packages/com.unity.visualscripting/Runtime/VisualScripting.Core/Dependencies/FullSerializer/fsConverterRegistrar.cs
102,102 B,Packages/com.unity.visualscripting/Runtime/VisualScripting.Core/Dependencies/FullSerializer/Reflection/fsReflectionUtility.cs
102,102 B,Packages/com.unity.visualscripting/Runtime/VisualScripting.Core/Dependencies/FullSerializer/Converters/fsReflectedConverter.cs
102,102 B,Packages/com.unity.visualscripting/Runtime/VisualScripting.Core/Dependencies/FullSerializer/Converters/fsPrimitiveConverter.cs
102,102 B,Packages/com.unity.visualscripting/Runtime/VisualScripting.Core/Dependencies/FullSerializer/Converters/fsNullableConverter.cs
102,102 B,Packages/com.unity.visualscripting/Runtime/VisualScripting.Core/Dependencies/FullSerializer/Converters/fsForwardConverter.cs
102,102 B,Packages/com.unity.visualscripting/Runtime/VisualScripting.Core/Dependencies/FullSerializer/Converters/Unity/Rect_DirectConverter.cs
102,102 B,Packages/com.unity.rendering.light-transport/Runtime/UnifiedRayTracing/Compute/RadeonRays/RestructureBvh.cs
102,102 B,Packages/com.unity.rendering.light-transport/Runtime/UnifiedRayTracing/Compute/RadeonRays/RadeonRaysAPI.cs
102,102 B,Packages/com.unity.rendering.light-transport/Runtime/UnifiedRayTracing/Common/GeometryPool/GeometryPool.cs
102,102 B,Packages/com.unity.render-pipelines.universal/Runtime/XR/XRPassUniversal.cs
102,102 B,Packages/com.unity.render-pipelines.universal/Runtime/Tiling/LightMinMaxZJob.cs
102,102 B,Packages/com.unity.render-pipelines.universal/Runtime/Tiling/InclusiveRange.cs
102,102 B,Packages/com.unity.render-pipelines.universal/Runtime/ShadowCulling.cs
102,102 B,Packages/com.unity.render-pipelines.universal/Runtime/ShaderBitArray.cs
102,102 B,Packages/com.unity.render-pipelines.universal/Runtime/RenderingUtils.cs
102,102 B,Packages/com.unity.render-pipelines.universal/Runtime/RendererFeatures/RenderObjects.cs
102,102 B,Packages/com.unity.render-pipelines.universal/Runtime/PostProcessUtils.cs
102,102 B,Packages/com.unity.render-pipelines.universal/Runtime/Passes/PostProcessPass.cs
102,102 B,Packages/com.unity.render-pipelines.universal/Runtime/Passes/HDRDebugViewPass.cs
102,102 B,Packages/com.unity.render-pipelines.universal/Runtime/Passes/GBufferPass.cs
102,102 B,Packages/com.unity.render-pipelines.universal/Runtime/Passes/DrawSkyboxPass.cs
102,102 B,Packages/com.unity.render-pipelines.universal/Runtime/Passes/DeferredPass.cs
102,102 B,Packages/com.unity.render-pipelines.universal/Runtime/Overrides/PaniniProjection.cs
102,102 B,Packages/com.unity.render-pipelines.universal/Runtime/Overrides/LiftGammaGain.cs
102,102 B,Packages/com.unity.render-pipelines.universal/Runtime/Overrides/LensDistortion.cs
102,102 B,Packages/com.unity.render-pipelines.universal/Runtime/Overrides/ColorAdjustments.cs
102,102 B,Packages/com.unity.render-pipelines.universal/Runtime/Memory/BuddyAllocator.cs
102,102 B,Packages/com.unity.render-pipelines.universal/Runtime/History/RawDepthHistory.cs
102,102 B,Packages/com.unity.render-pipelines.universal/Runtime/History/RawColorHistory.cs
102,102 B,Packages/com.unity.render-pipelines.universal/Runtime/Documentation.cs
102,102 B,Packages/com.unity.render-pipelines.universal/Runtime/Deprecated.cs
102,102 B,Packages/com.unity.render-pipelines.universal/Runtime/Decal/Entities/DecalDrawSystem.cs
102,102 B,Packages/com.unity.render-pipelines.universal/Runtime/Decal/DecalProjector.cs
102,102 B,Packages/com.unity.render-pipelines.universal/Runtime/Decal/DecalPreviewPass.cs
102,102 B,Packages/com.unity.render-pipelines.universal/Runtime/Debug/DebugRenderSetup.cs
102,102 B,Packages/com.unity.render-pipelines.universal/Runtime/Data/RenderStateData.cs
102,102 B,Packages/com.unity.render-pipelines.universal/Runtime/Data/PostProcessData.cs
102,102 B,Packages/com.unity.render-pipelines.universal/Runtime/ComponentUtility.cs
102,102 B,Packages/com.unity.render-pipelines.universal/Runtime/2D/Shadows/ShadowProvider/Providers/ShadowShapeProvider2D_Utility.cs
102,102 B,Packages/com.unity.render-pipelines.core/Runtime/XR/XROcclusionMesh.cs
102,102 B,Packages/com.unity.render-pipelines.core/Runtime/XR/XRLayoutStack.cs
102,102 B,Packages/com.unity.render-pipelines.core/Runtime/Lighting/ProbeVolume/ProbeIndexOfIndices.cs
102,102 B,Packages/com.unity.render-pipelines.core/Runtime/GPUDriven/RenderersParameters.cs
102,102 B,Packages/com.unity.render-pipelines.core/Runtime/GPUDriven/InstanceData/InstanceDataSystem.cs
102,102 B,Packages/com.unity.render-pipelines.core/Runtime/GPUDriven/InstanceData/InstanceAllocator.cs
102,102 B,Packages/com.unity.render-pipelines.core/Runtime/GPUDriven/GPUResidentDrawer.cs
102,102 B,Packages/com.unity.render-pipelines.core/Runtime/GPUDriven/GPUResidentBatcher.cs
102,102 B,Packages/com.unity.probuilder/Content/Resources/Materials/NoDraw.mat
102,102 B,Packages/com.unity.multiplayer.center/Common/IOnboardingSection.cs
102,102 B,Packages/com.unity.inputsystem/InputSystem/Utilities/Observables/ForDeviceEventObservable.cs
102,102 B,Packages/com.unity.inputsystem/InputSystem/Plugins/XR/Haptics/SendHapticImpulseCommand.cs
102,102 B,Packages/com.unity.inputsystem/InputSystem/Plugins/Android/AndroidSensors.cs
102,102 B,Packages/com.unity.inputsystem/InputSystem/Editor/AssetEditor/NameAndParameterListView.cs
102,102 B,Packages/com.unity.inputsystem/InputSystem/Controls/Processors/StickDeadzoneProcessor.cs
102,102 B,Packages/com.unity.inputsystem/InputSystem/Controls/Processors/ScaleVector3Processor.cs
102,102 B,Packages/com.unity.inputsystem/InputSystem/Controls/Processors/ScaleVector2Processor.cs
102,102 B,Packages/com.unity.inputsystem/InputSystem/Controls/Processors/InvertVector3Processor.cs
102,102 B,Packages/com.unity.inputsystem/InputSystem/Controls/Processors/InvertVector2Processor.cs
102,102 B,Packages/com.unity.inputsystem/InputSystem/Controls/Processors/AxisDeadzoneProcessor.cs
102,102 B,Packages/com.unity.inputsystem/InputSystem/Actions/Composites/TwoModifiersComposite.cs
102,102 B,Packages/com.unity.inputsystem/InputSystem/Actions/Composites/ButtonWithTwoModifiers.cs
102,102 B,Packages/com.unity.inputsystem/InputSystem/Actions/Composites/ButtonWithOneModifier.cs
102,102 B,Packages/com.unity.collections/Unity.Collections/UnsafeScratchAllocator.cs
102,102 B,Packages/com.unity.collections/Unity.Collections/NativeParallelHashMapExtensions.cs
102,102 B,Packages/com.unity.cinemachine/Runtime/Helpers/CinemachineInputAxisController.cs
102,102 B,Packages/com.unity.cinemachine/Runtime/Helpers/CinemachineCameraManagerEvents.cs
102,102 B,Packages/com.unity.cinemachine/Runtime/Deprecated/CinemachineSameAsFollowTarget.cs
102,102 B,Packages/com.unity.cinemachine/Runtime/Deprecated/CinemachineLegacyCameraEvents.cs
102,102 B,Packages/com.unity.cinemachine/Runtime/Behaviours/CinemachineShotQualityEvaluator.cs
102,102 B,Packages/com.unity.visualscripting/Runtime/VisualScripting.State/TriggerStateTransition.cs
102,102 B,Packages/com.unity.visualscripting/Runtime/VisualScripting.State/INesterStateTransition.cs
102,102 B,Packages/com.unity.visualscripting/Runtime/VisualScripting.Flow/UnitCategoryConverter.cs
102,102 B,Packages/com.unity.visualscripting/Runtime/VisualScripting.Flow/Ports/ValueOutputDefinition.cs
102,102 B,Packages/com.unity.visualscripting/Runtime/VisualScripting.Flow/Ports/IUnitValuePortDefinition.cs
102,102 B,Packages/com.unity.visualscripting/Runtime/VisualScripting.Flow/Ports/IUnitInputPortDefinition.cs
102,102 B,Packages/com.unity.visualscripting/Runtime/VisualScripting.Flow/Ports/ControlPortDefinition.cs
102,102 B,Packages/com.unity.visualscripting/Runtime/VisualScripting.Flow/Ports/ControlOutputDefinition.cs
102,102 B,Packages/com.unity.visualscripting/Runtime/VisualScripting.Flow/Ports/ControlInputDefinition.cs
102,102 B,Packages/com.unity.visualscripting/Runtime/VisualScripting.Flow/Framework/Variables/Obsolete/SetApplicationVariable.cs
102,102 B,Packages/com.unity.visualscripting/Runtime/VisualScripting.Flow/Framework/Variables/Obsolete/IsVariableDefinedUnit.cs
102,102 B,Packages/com.unity.visualscripting/Runtime/VisualScripting.Flow/Framework/Variables/Obsolete/IsSceneVariableDefined.cs
102,102 B,Packages/com.unity.visualscripting/Runtime/VisualScripting.Flow/Framework/Variables/Obsolete/IsSavedVariableDefined.cs
102,102 B,Packages/com.unity.visualscripting/Runtime/VisualScripting.Flow/Framework/Variables/Obsolete/IsObjectVariableDefined.cs
102,102 B,Packages/com.unity.visualscripting/Runtime/VisualScripting.Flow/Framework/Variables/Obsolete/IsGraphVariableDefined.cs
102,102 B,Packages/com.unity.visualscripting/Runtime/VisualScripting.Flow/Framework/Variables/Obsolete/IApplicationVariableUnit.cs
102,102 B,Packages/com.unity.visualscripting/Runtime/VisualScripting.Flow/Framework/Variables/Obsolete/GetApplicationVariable.cs
102,102 B,Packages/com.unity.visualscripting/Runtime/VisualScripting.Flow/Framework/Time/WaitForEndOfFrameUnit.cs
102,102 B,Packages/com.unity.visualscripting/Runtime/VisualScripting.Flow/Framework/Logic/NotApproximatelyEqual.cs
102,102 B,Packages/com.unity.visualscripting/Runtime/VisualScripting.Flow/Framework/Events/Physics/OnControllerColliderHit.cs
102,102 B,Packages/com.unity.visualscripting/Runtime/VisualScripting.Flow/Framework/Events/Hierarchy/OnTransformParentChanged.cs
102,102 B,Packages/com.unity.visualscripting/Runtime/VisualScripting.Flow/Framework/Events/GUI/OnScrollbarValueChanged.cs
102,102 B,Packages/com.unity.visualscripting/Runtime/VisualScripting.Flow/Framework/Events/GUI/OnScrollRectValueChanged.cs
102,102 B,Packages/com.unity.visualscripting/Runtime/VisualScripting.Flow/Framework/Events/GUI/OnInputFieldValueChanged.cs
102,102 B,Packages/com.unity.visualscripting/Runtime/VisualScripting.Flow/Framework/Events/GUI/OnDropdownValueChanged.cs
102,102 B,Packages/com.unity.visualscripting/Runtime/VisualScripting.Flow/Framework/Events/Application/OnApplicationLostFocus.cs
102,102 B,Packages/com.unity.visualscripting/Runtime/VisualScripting.Flow/Framework/Events/Animation/BoltNamedAnimationEvent.cs
102,102 B,Packages/com.unity.visualscripting/Runtime/VisualScripting.Flow/Framework/Collections/Dictionaries/DictionaryContainsKey.cs
102,102 B,Packages/com.unity.visualscripting/Runtime/VisualScripting.Flow/EditorBinding/UnitSurtitleAttribute.cs
102,102 B,Packages/com.unity.visualscripting/Runtime/VisualScripting.Flow/EditorBinding/UnitSubtitleAttribute.cs
102,102 B,Packages/com.unity.visualscripting/Runtime/VisualScripting.Flow/EditorBinding/UnitShortTitleAttribute.cs
102,102 B,Packages/com.unity.visualscripting/Runtime/VisualScripting.Flow/EditorBinding/UnitFooterPortsAttribute.cs
102,102 B,Packages/com.unity.visualscripting/Runtime/VisualScripting.Flow/EditorBinding/PortLabelHiddenAttribute.cs
102,102 B,Packages/com.unity.visualscripting/Runtime/VisualScripting.Flow/Dependencies/NCalc/ValueExpression.cs
102,102 B,Packages/com.unity.visualscripting/Runtime/VisualScripting.Flow/Dependencies/NCalc/UnaryExpression.cs
102,102 B,Packages/com.unity.visualscripting/Runtime/VisualScripting.Flow/Dependencies/NCalc/ParameterArgs.cs
102,102 B,Packages/com.unity.visualscripting/Runtime/VisualScripting.Flow/Dependencies/NCalc/BinaryExpression.cs
102,102 B,Packages/com.unity.visualscripting/Runtime/VisualScripting.Flow/Connections/UnitConnectionDebugData.cs
102,102 B,Packages/com.unity.visualscripting/Runtime/VisualScripting.Flow/Connections/IUnitConnectionDebugData.cs
102,102 B,Packages/com.unity.visualscripting/Runtime/VisualScripting.Core/Variables/VariableKindAttribute.cs
102,102 B,Packages/com.unity.visualscripting/Runtime/VisualScripting.Core/Variables/IGraphDataWithVariables.cs
102,102 B,Packages/com.unity.visualscripting/Runtime/VisualScripting.Core/Utilities/RuntimeVSUsageUtility.cs
102,102 B,Packages/com.unity.visualscripting/Runtime/VisualScripting.Core/Utilities/IAnalyticsIdentifiable.cs
102,102 B,Packages/com.unity.visualscripting/Runtime/VisualScripting.Core/Utilities/ComponentHolderProtocol.cs
102,102 B,Packages/com.unity.visualscripting/Runtime/VisualScripting.Core/Unity/MacroScriptableObject.cs
102,102 B,Packages/com.unity.visualscripting/Runtime/VisualScripting.Core/Unity/LudiqScriptableObject.cs
102,102 B,Packages/com.unity.visualscripting/Runtime/VisualScripting.Core/Serialization/SerializationOperation.cs
102,102 B,Packages/com.unity.visualscripting/Runtime/VisualScripting.Core/Serialization/ISerializationDepender.cs
102,102 B,Packages/com.unity.visualscripting/Runtime/VisualScripting.Core/Serialization/ISerializationDependency.cs
102,102 B,Packages/com.unity.visualscripting/Runtime/VisualScripting.Core/Serialization/DoNotSerializeAttribute.cs
102,102 B,Packages/com.unity.visualscripting/Runtime/VisualScripting.Core/Reflection/RenamedAssemblyAttribute.cs
102,102 B,Packages/com.unity.visualscripting/Runtime/VisualScripting.Core/Reflection/Optimization/StaticActionInvokerBase.cs
102,102 B,Packages/com.unity.visualscripting/Runtime/VisualScripting.Core/Reflection/Optimization/ReflectionFieldAccessor.cs
102,102 B,Packages/com.unity.visualscripting/Runtime/VisualScripting.Core/Reflection/Operators/NumericNegationHandler.cs
102,102 B,Packages/com.unity.visualscripting/Runtime/VisualScripting.Core/Reflection/Operators/MultiplicationHandler.cs
102,102 B,Packages/com.unity.visualscripting/Runtime/VisualScripting.Core/Reflection/Operators/LogicalNegationHandler.cs
102,102 B,Packages/com.unity.visualscripting/Runtime/VisualScripting.Core/Reflection/Operators/LessThanOrEqualHandler.cs
102,102 B,Packages/com.unity.visualscripting/Runtime/VisualScripting.Core/Reflection/Operators/InvalidOperatorException.cs
102,102 B,Packages/com.unity.visualscripting/Runtime/VisualScripting.Core/Reflection/Operators/BinaryOperatorHandler.cs
102,102 B,Packages/com.unity.visualscripting/Runtime/VisualScripting.Core/Reflection/GenericClosingException.cs
102,102 B,Packages/com.unity.visualscripting/Runtime/VisualScripting.Core/Platforms/AotIncompatibleAttribute.cs
102,102 B,Packages/com.unity.visualscripting/Runtime/VisualScripting.Core/Listeners/IGraphEventListenerData.cs
102,102 B,Packages/com.unity.visualscripting/Runtime/VisualScripting.Core/Listeners/GlobalMessageListener.cs
102,102 B,Packages/com.unity.visualscripting/Runtime/VisualScripting.Core/Listeners/AnimatorMessageListener.cs
102,102 B,Packages/com.unity.visualscripting/Runtime/VisualScripting.Core/Graphs/IGraphElementWithData.cs
102,102 B,Packages/com.unity.visualscripting/Runtime/VisualScripting.Core/Graphs/IGraphElementDebugData.cs
102,102 B,Packages/com.unity.visualscripting/Runtime/VisualScripting.Core/Graphs/GraphsExceptionUtility.cs
102,102 B,Packages/com.unity.visualscripting/Runtime/VisualScripting.Core/Graphs/GraphPointerException.cs
102,102 B,Packages/com.unity.visualscripting/Runtime/VisualScripting.Core/EditorBinding/NullMeansSelfAttribute.cs
102,102 B,Packages/com.unity.visualscripting/Runtime/VisualScripting.Core/EditorBinding/Inspector/InspectorWideAttribute.cs
102,102 B,Packages/com.unity.visualscripting/Runtime/VisualScripting.Core/EditorBinding/Inspector/InspectorRangeAttribute.cs
102,102 B,Packages/com.unity.visualscripting/Runtime/VisualScripting.Core/EditorBinding/Inspector/InspectorLabelAttribute.cs
102,102 B,Packages/com.unity.visualscripting/Runtime/VisualScripting.Core/EditorBinding/InspectableIfAttribute.cs
102,102 B,Packages/com.unity.visualscripting/Runtime/VisualScripting.Core/EditorBinding/IInspectableAttribute.cs
102,102 B,Packages/com.unity.visualscripting/Runtime/VisualScripting.Core/EditorBinding/ExpectedTypeAttribute.cs
102,102 B,Packages/com.unity.visualscripting/Runtime/VisualScripting.Core/Collections/INotifiedCollectionItem.cs
102,102 B,Packages/com.unity.visualscripting/Runtime/VisualScripting.Core/Cloning/Cloners/FakeSerializationCloner.cs
102,102 B,Packages/com.unity.ugui/Runtime/TMP/TMP_SpriteAssetImportFormats.cs
102,102 B,Packages/com.unity.timeline/Runtime/Animation/AnimationPreviewUpdateCallback.cs
102,102 B,Packages/com.unity.timeline/Runtime/Animation/AnimationOutputWeightProcessor.cs
102,102 B,Packages/com.unity.shadergraph/ShaderGraphLibrary/DummyShaderGraphLibrary.cs
102,102 B,Packages/com.unity.render-pipelines.universal/ShaderLibrary/ShaderTypes.cs
102,102 B,Packages/com.unity.render-pipelines.universal/ShaderLibrary/Deprecated.cs
102,102 B,Packages/com.unity.render-pipelines.universal/Runtime/Tiling/TileSize.cs
102,102 B,Packages/com.unity.render-pipelines.universal/Runtime/2D/UTess2D/UTess.cs
102,102 B,Packages/com.unity.render-pipelines.universal/Runtime/2D/Shadows/ShadowProvider/ShadowMesh2D.cs
102,102 B,Packages/com.unity.render-pipelines.universal/Runtime/2D/Shadows/ShadowProvider/ShadowEdge.cs
102,102 B,Packages/com.unity.render-pipelines.universal/Runtime/2D/Shadows/ShadowProvider/IEdgeStore.cs
102,102 B,Packages/com.unity.render-pipelines.universal/Runtime/2D/Rendergraph/UpscalePass.cs
102,102 B,Packages/com.unity.render-pipelines.universal/Runtime/2D/Renderer2D.cs
102,102 B,Packages/com.unity.render-pipelines.universal/Runtime/2D/Passes/Utility/LightBatch.cs
102,102 B,Packages/com.unity.render-pipelines.universal/Runtime/2D/Passes/Utility/LayerUtility.cs
102,102 B,Packages/com.unity.render-pipelines.universal/Runtime/2D/LightUtility.cs
102,102 B,Packages/com.unity.render-pipelines.core/Runtime/Utilities/SceneRenderPipeline.cs
102,102 B,Packages/com.unity.render-pipelines.core/Runtime/Utilities/MaterialQuality.cs
102,102 B,Packages/com.unity.render-pipelines.core/Runtime/Utilities/CameraCaptureBridge.cs
102,102 B,Packages/com.unity.render-pipelines.core/Runtime/ShaderGenerator/ShaderGeneratorAttributes.cs
102,102 B,Packages/com.unity.render-pipelines.core/Runtime/RenderGraph/RenderGraph.cs
102,102 B,Packages/com.unity.render-pipelines.core/Runtime/PostProcessing/LensFlareCommonSRP.cs
102,102 B,Packages/com.unity.render-pipelines.core/Runtime/LookDev/IDataProvider.cs
102,102 B,Packages/com.unity.render-pipelines.core/Runtime/Lighting/SphericalHarmonics.cs
102,102 B,Packages/com.unity.render-pipelines.core/Runtime/Lighting/ProbeVolume/ProbeVolumesOptions.cs
102,102 B,Packages/com.unity.render-pipelines.core/Runtime/Lighting/ProbeVolume/ProbeVolumeSceneData.cs
102,102 B,Packages/com.unity.render-pipelines.core/Runtime/Lighting/ProbeVolume/ProbeVolumeGIContributor.cs
102,102 B,Packages/com.unity.render-pipelines.core/Runtime/Lighting/ProbeVolume/ProbeVolumeBakingSet.cs
102,102 B,Packages/com.unity.render-pipelines.core/Runtime/Lighting/ProbeVolume/ProbeVolumeAsset.cs
102,102 B,Packages/com.unity.render-pipelines.core/Runtime/Lighting/ProbeVolume/ProbeReferenceVolume.cs
102,102 B,Packages/com.unity.render-pipelines.core/Runtime/Documentation.cs
102,102 B,Packages/com.unity.render-pipelines.core/Runtime/Debugging/Prefabs/Scripts/DebugUIHandlerWidget.cs
102,102 B,Packages/com.unity.render-pipelines.core/Runtime/Debugging/Prefabs/Scripts/DebugUIHandlerValue.cs
102,102 B,Packages/com.unity.render-pipelines.core/Runtime/Debugging/Prefabs/Scripts/DebugUIHandlerVBox.cs
102,102 B,Packages/com.unity.render-pipelines.core/Runtime/Debugging/Prefabs/Scripts/DebugUIHandlerToggle.cs
102,102 B,Packages/com.unity.render-pipelines.core/Runtime/Debugging/Prefabs/Scripts/DebugUIHandlerRow.cs
102,102 B,Packages/com.unity.render-pipelines.core/Runtime/Debugging/Prefabs/Scripts/DebugUIHandlerPanel.cs
102,102 B,Packages/com.unity.render-pipelines.core/Runtime/Debugging/Prefabs/Scripts/DebugUIHandlerObject.cs
102,102 B,Packages/com.unity.render-pipelines.core/Runtime/Debugging/Prefabs/Scripts/DebugUIHandlerHBox.cs
102,102 B,Packages/com.unity.render-pipelines.core/Runtime/Debugging/Prefabs/Scripts/DebugUIHandlerGroup.cs
102,102 B,Packages/com.unity.render-pipelines.core/Runtime/Debugging/Prefabs/Scripts/DebugUIHandlerColor.cs
102,102 B,Packages/com.unity.render-pipelines.core/Runtime/Debugging/Prefabs/Scripts/DebugUIHandlerCanvas.cs
102,102 B,Packages/com.unity.render-pipelines.core/Runtime/Debugging/Prefabs/Scripts/DebugUIHandlerButton.cs
102,102 B,Packages/com.unity.render-pipelines.core/Runtime/Debugging/MousePositionDebug.cs
102,102 B,Packages/com.unity.render-pipelines.core/Runtime/Debugging/IVolumeDebugSettings.cs
102,102 B,Packages/com.unity.render-pipelines.core/Runtime/Debugging/FrameTiming/FrameTimeBottleneck.cs
102,102 B,Packages/com.unity.render-pipelines.core/Runtime/Common/Swap.Extensions.cs
102,102 B,Packages/com.unity.render-pipelines.core/Runtime/Common/ReloadGroupAttribute.cs
102,102 B,Packages/com.unity.render-pipelines.core/Runtime/Common/CommandBufferPool.cs
102,102 B,Packages/com.unity.render-pipelines.core/Runtime/CommandBuffers/UnsafeCommandBuffer.cs
102,102 B,Packages/com.unity.render-pipelines.core/Runtime/CommandBuffers/RasterCommandBuffer.cs
102,102 B,Packages/com.unity.render-pipelines.core/Runtime/CommandBuffers/IUnsafeCommandBuffer.cs
102,102 B,Packages/com.unity.render-pipelines.core/Runtime/CommandBuffers/IRasterCommandBuffer.cs
102,102 B,Packages/com.unity.render-pipelines.core/Runtime/CommandBuffers/IBaseCommandBuffer.cs
102,102 B,Packages/com.unity.render-pipelines.core/Runtime/CommandBuffers/ComputeCommandBuffer.cs
102,102 B,Packages/com.unity.render-pipelines.core/Runtime/CommandBuffers/CommandBufferHelpers.cs
102,102 B,Packages/com.unity.probuilder/External/Poly2Tri/Triangulation/TriangulationUtil.cs
102,102 B,Packages/com.unity.probuilder/External/Poly2Tri/Triangulation/TriangulationPoint.cs
102,102 B,Packages/com.unity.probuilder/External/Poly2Tri/Triangulation/TriangulationContext.cs
102,102 B,Packages/com.unity.probuilder/External/Poly2Tri/Triangulation/Sets/ConstrainedPointSet.cs
102,102 B,Packages/com.unity.probuilder/External/Poly2Tri/Triangulation/Delaunay/Sweep/PointOnEdgeException.cs
102,102 B,Packages/com.unity.probuilder/External/Poly2Tri/Triangulation/Delaunay/Sweep/DTSweepDebugContext.cs
102,102 B,Packages/com.unity.probuilder/External/Poly2Tri/Triangulation/Delaunay/Sweep/DTSweepConstraint.cs
102,102 B,Packages/com.unity.probuilder/External/Poly2Tri/Triangulation/Delaunay/Sweep/AdvancingFrontNode.cs
102,102 B,Packages/com.unity.multiplayer.center/Common/StyleConstants.cs
102,102 B,Packages/com.unity.inputsystem/InputSystem/State/IInputStateChangeMonitor.cs
102,102 B,Packages/com.unity.inputsystem/InputSystem/Plugins/iOS/IOSGameController.cs
102,102 B,Packages/com.unity.inputsystem/InputSystem/Plugins/XInput/XInputControllerWindows.cs
102,102 B,Packages/com.unity.inputsystem/InputSystem/Plugins/Users/InputUserAccountHandle.cs
102,102 B,Packages/com.unity.inputsystem/InputSystem/Plugins/Switch/SwitchProControllerHID.cs
102,102 B,Packages/com.unity.inputsystem/InputSystem/Plugins/PlayerInput/PlayerInputManagerEditor.cs
102,102 B,Packages/com.unity.inputsystem/InputSystem/Plugins/OSX/OSXGameController.cs
102,102 B,Packages/com.unity.inputsystem/InputSystem/Plugins/EnhancedTouch/EnhancedTouchSupport.cs
102,102 B,Packages/com.unity.inputsystem/InputSystem/Events/DeviceConfigurationEvent.cs
102,102 B,Packages/com.unity.inputsystem/InputSystem/Editor/UITKAssetEditor/Views/VisualElementExtensions.cs
102,102 B,Packages/com.unity.inputsystem/InputSystem/Editor/UITKAssetEditor/Views/InputActionsTreeViewItem.cs
102,102 B,Packages/com.unity.inputsystem/InputSystem/Editor/UITKAssetEditor/Views/InputActionsEditorView.cs
102,102 B,Packages/com.unity.inputsystem/InputSystem/Editor/UITKAssetEditor/Views/BindingPropertiesView.cs
102,102 B,Packages/com.unity.inputsystem/InputSystem/Editor/UITKAssetEditor/SerializedInputBinding.cs
102,102 B,Packages/com.unity.inputsystem/InputSystem/Editor/UITKAssetEditor/SerializedInputActionMap.cs
102,102 B,Packages/com.unity.inputsystem/InputSystem/Editor/UITKAssetEditor/SerializedInputAction.cs
102,102 B,Packages/com.unity.inputsystem/InputSystem/Editor/UITKAssetEditor/InputActionsEditorWindow.cs
102,102 B,Packages/com.unity.inputsystem/InputSystem/Editor/UITKAssetEditor/InputActionsEditorState.cs
102,102 B,Packages/com.unity.inputsystem/InputSystem/Editor/UITKAssetEditor/Commands/ControlSchemeCommands.cs
102,102 B,Packages/com.unity.inputsystem/InputSystem/Editor/Settings/InputSettingsProvider.cs
102,102 B,Packages/com.unity.inputsystem/InputSystem/Editor/Settings/InputEditorUserSettings.cs
102,102 B,Packages/com.unity.inputsystem/InputSystem/Editor/PropertyDrawers/InputControlPathDrawer.cs
102,102 B,Packages/com.unity.inputsystem/InputSystem/Editor/PropertyDrawers/InputActionDrawerBase.cs
102,102 B,Packages/com.unity.inputsystem/InputSystem/Editor/PropertyDrawers/InputActionAssetDrawer.cs
102,102 B,Packages/com.unity.inputsystem/InputSystem/Editor/ProjectWideActions/ProjectWideActionsAsset.cs
102,102 B,Packages/com.unity.inputsystem/InputSystem/Editor/Internal/AdvancedDropdown/AdvancedDropdownWindow.cs
102,102 B,Packages/com.unity.inputsystem/InputSystem/Editor/Internal/AdvancedDropdown/AdvancedDropdownState.cs
102,102 B,Packages/com.unity.inputsystem/InputSystem/Editor/InputSystemPluginControl.cs
102,102 B,Packages/com.unity.inputsystem/InputSystem/Editor/InputLayoutCodeGenerator.cs
102,102 B,Packages/com.unity.inputsystem/InputSystem/Editor/InputAssetEditorUtils.cs
102,102 B,Packages/com.unity.inputsystem/InputSystem/Editor/ControlPicker/InputControlPickerState.cs
102,102 B,Packages/com.unity.inputsystem/InputSystem/Editor/ControlPicker/InputControlPathEditor.cs
102,102 B,Packages/com.unity.inputsystem/InputSystem/Editor/ControlPicker/InputControlDropdownItem.cs
102,102 B,Packages/com.unity.inputsystem/InputSystem/Editor/AssetImporter/InputActionCodeGenerator.cs
102,102 B,Packages/com.unity.inputsystem/InputSystem/Editor/AssetImporter/InputActionAssetEditor.cs
102,102 B,Packages/com.unity.inputsystem/InputSystem/Editor/AssetImporter/IInputActionAssetEditor.cs
102,102 B,Packages/com.unity.inputsystem/InputSystem/Editor/AssetEditor/InputActionEditorWindow.cs
102,102 B,Packages/com.unity.inputsystem/InputSystem/Editor/AssetEditor/InputActionEditorToolbar.cs
102,102 B,Packages/com.unity.inputsystem/InputSystem/Editor/AssetEditor/InputActionAssetManager.cs
102,102 B,Packages/com.unity.inputsystem/InputSystem/Devices/Remote/RemoteInputPlayerConnection.cs
102,102 B,Packages/com.unity.inputsystem/InputSystem/Devices/InputDeviceDescription.cs
102,102 B,Packages/com.unity.inputsystem/InputSystem/Devices/Haptics/DualMotorRumbleCommand.cs
102,102 B,Packages/com.unity.inputsystem/InputSystem/Devices/Commands/WarpMousePositionCommand.cs
102,102 B,Packages/com.unity.inputsystem/InputSystem/Devices/Commands/QueryEnabledStateCommand.cs
102,102 B,Packages/com.unity.inputsystem/InputSystem/Devices/Commands/QueryDimensionsCommand.cs
102,102 B,Packages/com.unity.inputsystem/InputSystem/Devices/Commands/QueryCanRunInBackground.cs
102,102 B,Packages/com.unity.inputsystem/InputSystem/Devices/Commands/IInputDeviceCommandInfo.cs
102,102 B,Packages/com.unity.inputsystem/InputSystem/Controls/InputControlAttribute.cs
102,102 B,Packages/com.unity.inputsystem/InputSystem/Controls/DiscreteButtonControl.cs
102,102 B,Packages/com.unity.inputsystem/InputSystem/Actions/InputBindingCompositeContext.cs
102,102 B,Packages/com.unity.inputsystem/InputSystem/Actions/InputActionSetupExtensions.cs
102,102 B,Packages/com.unity.inputsystem/InputSystem/Actions/InputActionParameters.cs
102,102 B,Packages/com.unity.collections/Unity.Collections/UnsafeAtomicCounter.cs
102,102 B,Packages/com.unity.cinemachine/Runtime/Core/CinemachinePropertyAttribute.cs
102,102 B,Assets/TextMesh Pro/Resources/LineBreaking Leading Characters.txt
102,102 B,Packages/com.unity.visualscripting/Runtime/VisualScripting.Core/Reflection/Optimization/StaticActionInvoker_5.cs
102,102 B,Packages/com.unity.visualscripting/Runtime/VisualScripting.Core/Reflection/Optimization/StaticActionInvoker_4.cs
102,102 B,Packages/com.unity.visualscripting/Runtime/VisualScripting.Core/Reflection/Optimization/StaticActionInvoker_3.cs
102,102 B,Packages/com.unity.visualscripting/Runtime/VisualScripting.Core/Reflection/Optimization/StaticActionInvoker_2.cs
102,102 B,Packages/com.unity.visualscripting/Runtime/VisualScripting.Core/Reflection/Optimization/StaticActionInvoker_1.cs
102,102 B,Packages/com.unity.visualscripting/Runtime/VisualScripting.Core/Reflection/Optimization/StaticActionInvoker_0.cs
102,102 B,Packages/com.unity.visualscripting/Runtime/VisualScripting.Core/Ensure/EnsureThat.NullableValueTypes.cs
102,102 B,Packages/com.unity.visualscripting/Runtime/VisualScripting.Core/Dependencies/FullSerializer/fsJsonPrinter.cs
102,102 B,Packages/com.unity.visualscripting/Runtime/VisualScripting.Core/Dependencies/FullSerializer/fsBaseConverter.cs
102,102 B,Packages/com.unity.visualscripting/Runtime/VisualScripting.Core/Dependencies/FullSerializer/Reflection/fsMetaProperty.cs
102,102 B,Packages/com.unity.visualscripting/Runtime/VisualScripting.Core/Dependencies/FullSerializer/Converters/fsTypeConverter.cs
102,102 B,Packages/com.unity.visualscripting/Runtime/VisualScripting.Core/Dependencies/FullSerializer/Converters/fsGuidConverter.cs
102,102 B,Packages/com.unity.visualscripting/Runtime/VisualScripting.Core/Dependencies/FullSerializer/Converters/fsEnumConverter.cs
102,102 B,Packages/com.unity.visualscripting/Runtime/VisualScripting.Core/Dependencies/FullSerializer/Converters/fsDateConverter.cs
102,102 B,Packages/com.unity.visualscripting/Runtime/VisualScripting.Core/Dependencies/FullSerializer/Converters/fsArrayConverter.cs
102,102 B,Packages/com.unity.ugui/Runtime/UGUI/UI/Core/Layout/HorizontalOrVerticalLayoutGroup.cs
102,102 B,Packages/com.unity.rendering.light-transport/Runtime/UnifiedRayTracing/Compute/RadeonRays/RadixSort.cs
102,102 B,Packages/com.unity.rendering.light-transport/Runtime/UnifiedRayTracing/Compute/RadeonRays/HlbvhBuilder.cs
102,102 B,Packages/com.unity.rendering.light-transport/Runtime/UnifiedRayTracing/Common/Utilities/Utils.cs
102,102 B,Packages/com.unity.rendering.light-transport/Runtime/Sampling/SobolData.cs
102,102 B,Packages/com.unity.render-pipelines.universal/Runtime/Tiling/ZBinningJob.cs
102,102 B,Packages/com.unity.render-pipelines.universal/Runtime/Tiling/TilingJob.cs
102,102 B,Packages/com.unity.render-pipelines.universal/Runtime/TemporalAA.cs
102,102 B,Packages/com.unity.render-pipelines.universal/Runtime/ShadowUtils.cs
102,102 B,Packages/com.unity.render-pipelines.universal/Runtime/ShaderUtils.cs
102,102 B,Packages/com.unity.render-pipelines.universal/Runtime/ShaderData.cs
102,102 B,Packages/com.unity.render-pipelines.universal/Runtime/Passes/CapturePass.cs
102,102 B,Packages/com.unity.render-pipelines.universal/Runtime/Overrides/WhiteBalance.cs
102,102 B,Packages/com.unity.render-pipelines.universal/Runtime/Overrides/Tonemapping.cs
102,102 B,Packages/com.unity.render-pipelines.universal/Runtime/Overrides/SplitToning.cs
102,102 B,Packages/com.unity.render-pipelines.universal/Runtime/Overrides/MotionBlur.cs
102,102 B,Packages/com.unity.render-pipelines.universal/Runtime/Overrides/FilmGrain.cs
102,102 B,Packages/com.unity.render-pipelines.universal/Runtime/Overrides/DepthOfField.cs
102,102 B,Packages/com.unity.render-pipelines.universal/Runtime/Overrides/ColorLookup.cs
102,102 B,Packages/com.unity.render-pipelines.universal/Runtime/Overrides/ColorCurves.cs
102,102 B,Packages/com.unity.render-pipelines.universal/Runtime/Overrides/ChannelMixer.cs
102,102 B,Packages/com.unity.render-pipelines.universal/Runtime/History/TaaHistory.cs
102,102 B,Packages/com.unity.render-pipelines.universal/Runtime/History/StpHistory.cs
102,102 B,Packages/com.unity.render-pipelines.universal/Runtime/Decal/Entities/DecalChunk.cs
102,102 B,Packages/com.unity.render-pipelines.universal/Runtime/Debug/DebugHandler.cs
102,102 B,Packages/com.unity.render-pipelines.core/Runtime/XR/XRMirrorView.cs
102,102 B,Packages/com.unity.render-pipelines.core/Runtime/Utilities/GPUPrefixSum/GPUPrefixSum.ShaderIDs.cs
102,102 B,Packages/com.unity.render-pipelines.core/Runtime/GPUDriven/Utilities/ParallelBitArray.cs
102,102 B,Packages/com.unity.render-pipelines.core/Runtime/GPUDriven/Utilities/MemoryUtilities.cs
102,102 B,Packages/com.unity.render-pipelines.core/Runtime/GPUDriven/LODGroupDataPool.cs
102,102 B,Packages/com.unity.render-pipelines.core/Runtime/GPUDriven/InstanceCuller.cs
102,102 B,Packages/com.unity.render-pipelines.core/Runtime/Deprecated.cs
102,102 B,Packages/com.unity.render-pipelines.core/Runtime/Common/CoreAttributes.cs
102,102 B,Packages/com.unity.render-pipelines.core/Runtime/CommandBuffers/BaseCommandBufer.cs
102,102 B,Packages/com.unity.probuilder/Runtime/MeshOperations/InternalMeshUtility.cs
102,102 B,Packages/com.unity.probuilder/Runtime/Core/SelectionPickerRendererStandard.cs
102,102 B,Packages/com.unity.inputsystem/InputSystem/Utilities/NameAndParameters.cs
102,102 B,Packages/com.unity.inputsystem/InputSystem/Utilities/CSharpCodeHelpers.cs
102,102 B,Packages/com.unity.inputsystem/InputSystem/Plugins/UI/TrackedDeviceRaycaster.cs
102,102 B,Packages/com.unity.inputsystem/InputSystem/Plugins/UI/MultiplayerEventSystem.cs
102,102 B,Packages/com.unity.inputsystem/InputSystem/Plugins/UI/InputSystemUIInputModule.cs
102,102 B,Packages/com.unity.inputsystem/InputSystem/Plugins/UI/ExtendedPointerEventData.cs
102,102 B,Packages/com.unity.inputsystem/InputSystem/Plugins/UI/ExtendedAxisEventData.cs
102,102 B,Packages/com.unity.inputsystem/InputSystem/Plugins/HID/HIDDescriptorWindow.cs
102,102 B,Packages/com.unity.inputsystem/InputSystem/Plugins/DualShock/IDualShockHaptics.cs
102,102 B,Packages/com.unity.inputsystem/InputSystem/Editor/AssetEditor/ParameterListView.cs
102,102 B,Packages/com.unity.inputsystem/InputSystem/Editor/AssetEditor/InputActionTreeViewItems.cs
102,102 B,Packages/com.unity.inputsystem/InputSystem/Controls/Processors/NormalizeProcessor.cs
102,102 B,Packages/com.unity.inputsystem/InputSystem/Actions/Interactions/SlowTapInteraction.cs
102,102 B,Packages/com.unity.inputsystem/InputSystem/Actions/Interactions/MultiTapInteraction.cs
102,102 B,Packages/com.unity.inputsystem/InputSystem/Actions/Composites/OneModifierComposite.cs
102,102 B,Packages/com.unity.collections/Unity.Collections/UnsafeUtilityEx.cs
102,102 B,Packages/com.unity.collections/Unity.Collections/UnsafeAppendBuffer.cs
102,102 B,Packages/com.unity.collections/Unity.Collections/NativeParallelHashSetExtensions.gen.cs
102,102 B,Packages/com.unity.collections/Unity.Collections/Jobs/RegisterGenericJobTypeAttribute.cs
102,102 B,Packages/com.unity.collections/Unity.Collections/DoubleRewindableAllocators.cs
102,102 B,Packages/com.unity.collections/Unity.Collections/DataStreamExtensions.cs
102,102 B,Packages/com.unity.cinemachine/Runtime/PostProcessing/CinemachineVolumeSettings.cs
102,102 B,Packages/com.unity.cinemachine/Runtime/Impulse/CinemachineImpulseManager.cs
102,102 B,Packages/com.unity.cinemachine/Runtime/Impulse/CinemachineImpulseListener.cs
102,102 B,Packages/com.unity.cinemachine/Runtime/Impulse/CinemachineImpulseDefinition.cs
102,102 B,Packages/com.unity.cinemachine/Runtime/Helpers/CinemachineSplineSmoother.cs
102,102 B,Packages/com.unity.cinemachine/Runtime/Helpers/CinemachineMixerEventsBase.cs
102,102 B,Packages/com.unity.cinemachine/Runtime/Deprecated/CinemachineTouchInputMapper.cs
102,102 B,Packages/com.unity.cinemachine/Runtime/Deprecated/CinemachineOrbitalTransposer.cs
102,102 B,Packages/com.unity.cinemachine/Runtime/Deprecated/CinemachineInputAxisDriver.cs
102,102 B,Packages/com.unity.cinemachine/Runtime/Deprecated/CinemachineFramingTransposer.cs
102,102 B,Packages/com.unity.cinemachine/Runtime/Deprecated/Cinemachine3rdPersonFollow.cs
102,102 B,Packages/com.unity.cinemachine/Runtime/Core/SplineContainerExtensions.cs
102,102 B,Packages/com.unity.cinemachine/Runtime/Core/CinemachineVirtualCameraBase.cs
102,102 B,Packages/com.unity.cinemachine/Runtime/Core/CinemachineCameraManagerBase.cs
102,102 B,Packages/com.unity.cinemachine/Runtime/Core/CinemachineBlenderSettings.cs
102,102 B,Packages/com.unity.cinemachine/Runtime/Components/CinemachineThirdPersonFollow.cs
102,102 B,Packages/com.unity.cinemachine/Runtime/Components/CinemachineRotationComposer.cs
102,102 B,Packages/com.unity.cinemachine/Runtime/Components/CinemachinePositionComposer.cs
102,102 B,Packages/com.unity.cinemachine/Runtime/Components/CinemachineHardLockToTarget.cs
102,102 B,Packages/com.unity.cinemachine/Runtime/Behaviours/CinemachineThirdPersonAim.cs
102,102 B,Packages/com.unity.cinemachine/Runtime/Behaviours/CinemachineStateDrivenCamera.cs
102,102 B,Packages/com.unity.cinemachine/Runtime/Behaviours/CinemachineSequencerCamera.cs
102,102 B,Packages/com.unity.cinemachine/Runtime/Behaviours/CinemachineFreeLookModifier.cs
102,102 B,Packages/com.unity.cinemachine/Runtime/Behaviours/CinemachineExternalCamera.cs
102,102 B,Assets/ALP_Assets/Big Oak Tree FREE/Core/Scripts/Controller/Editor/ALP8310_ControllerGlobalEditor.cs
102,102 B,Packages/com.unity.visualscripting/Runtime/VisualScripting.State/FlowStateTransition.cs
102,102 B,Packages/com.unity.visualscripting/Runtime/VisualScripting.Flow/Ports/ValuePortDefinition.cs
102,102 B,Packages/com.unity.visualscripting/Runtime/VisualScripting.Flow/Ports/ValueInputDefinition.cs
102,102 B,Packages/com.unity.visualscripting/Runtime/VisualScripting.Flow/Ports/UnitPortDefinition.cs
102,102 B,Packages/com.unity.visualscripting/Runtime/VisualScripting.Flow/Ports/IUnitPortDefinition.cs
102,102 B,Packages/com.unity.visualscripting/Runtime/VisualScripting.Flow/Framework/Variables/UnifiedVariableUnit.cs
102,102 B,Packages/com.unity.visualscripting/Runtime/VisualScripting.Flow/Framework/Variables/Obsolete/SetObjectVariable.cs
102,102 B,Packages/com.unity.visualscripting/Runtime/VisualScripting.Flow/Framework/Variables/Obsolete/ISceneVariableUnit.cs
102,102 B,Packages/com.unity.visualscripting/Runtime/VisualScripting.Flow/Framework/Variables/Obsolete/ISavedVariableUnit.cs
102,102 B,Packages/com.unity.visualscripting/Runtime/VisualScripting.Flow/Framework/Variables/Obsolete/IObjectVariableUnit.cs
102,102 B,Packages/com.unity.visualscripting/Runtime/VisualScripting.Flow/Framework/Variables/Obsolete/IGraphVariableUnit.cs
102,102 B,Packages/com.unity.visualscripting/Runtime/VisualScripting.Flow/Framework/Variables/Obsolete/GetObjectVariable.cs
102,102 B,Packages/com.unity.visualscripting/Runtime/VisualScripting.Flow/Framework/Variables/IsVariableDefined.cs
102,102 B,Packages/com.unity.visualscripting/Runtime/VisualScripting.Flow/Framework/Variables/IUnifiedVariableUnit.cs
102,102 B,Packages/com.unity.visualscripting/Runtime/VisualScripting.Flow/Framework/Time/WaitForSecondsUnit.cs
102,102 B,Packages/com.unity.visualscripting/Runtime/VisualScripting.Flow/Framework/Time/WaitForNextFrameUnit.cs
102,102 B,Packages/com.unity.visualscripting/Runtime/VisualScripting.Flow/Framework/Math/Vector4/Vector4MoveTowards.cs
102,102 B,Packages/com.unity.visualscripting/Runtime/VisualScripting.Flow/Framework/Math/Vector4/Vector4DotProduct.cs
102,102 B,Packages/com.unity.visualscripting/Runtime/VisualScripting.Flow/Framework/Math/Vector4/DeprecatedVector4Add.cs
102,102 B,Packages/com.unity.visualscripting/Runtime/VisualScripting.Flow/Framework/Math/Vector3/Vector3MoveTowards.cs
102,102 B,Packages/com.unity.visualscripting/Runtime/VisualScripting.Flow/Framework/Math/Vector3/Vector3DotProduct.cs
102,102 B,Packages/com.unity.visualscripting/Runtime/VisualScripting.Flow/Framework/Math/Vector3/Vector3CrossProduct.cs
102,102 B,Packages/com.unity.visualscripting/Runtime/VisualScripting.Flow/Framework/Math/Vector3/DeprecatedVector3Add.cs
102,102 B,Packages/com.unity.visualscripting/Runtime/VisualScripting.Flow/Framework/Math/Vector2/Vector2MoveTowards.cs
102,102 B,Packages/com.unity.visualscripting/Runtime/VisualScripting.Flow/Framework/Math/Vector2/Vector2DotProduct.cs
102,102 B,Packages/com.unity.visualscripting/Runtime/VisualScripting.Flow/Framework/Math/Vector2/DeprecatedVector2Add.cs
102,102 B,Packages/com.unity.visualscripting/Runtime/VisualScripting.Flow/Framework/Math/Scalar/ScalarMoveTowards.cs
102,102 B,Packages/com.unity.visualscripting/Runtime/VisualScripting.Flow/Framework/Math/Scalar/ScalarExponentiate.cs
102,102 B,Packages/com.unity.visualscripting/Runtime/VisualScripting.Flow/Framework/Math/Scalar/DeprecatedScalarAdd.cs
102,102 B,Packages/com.unity.visualscripting/Runtime/VisualScripting.Flow/Framework/Math/Generic/DeprecatedGenericAdd.cs
102,102 B,Packages/com.unity.visualscripting/Runtime/VisualScripting.Flow/Framework/Logic/NumericComparison.cs
102,102 B,Packages/com.unity.visualscripting/Runtime/VisualScripting.Flow/Framework/Logic/EqualityComparison.cs
102,102 B,Packages/com.unity.visualscripting/Runtime/VisualScripting.Flow/Framework/Logic/BinaryComparisonUnit.cs
102,102 B,Packages/com.unity.visualscripting/Runtime/VisualScripting.Flow/Framework/Logic/ApproximatelyEqual.cs
102,102 B,Packages/com.unity.visualscripting/Runtime/VisualScripting.Flow/Framework/Events/TriggerCustomEvent.cs
102,102 B,Packages/com.unity.visualscripting/Runtime/VisualScripting.Flow/Framework/Events/Rendering/OnBecameInvisible.cs
102,102 B,Packages/com.unity.visualscripting/Runtime/VisualScripting.Flow/Framework/Events/Physics2D/TriggerEvent2DUnit.cs
102,102 B,Packages/com.unity.visualscripting/Runtime/VisualScripting.Flow/Framework/Events/Physics2D/OnCollisionStay2D.cs
102,102 B,Packages/com.unity.visualscripting/Runtime/VisualScripting.Flow/Framework/Events/Physics2D/OnCollisionExit2D.cs
102,102 B,Packages/com.unity.visualscripting/Runtime/VisualScripting.Flow/Framework/Events/Physics2D/OnCollisionEnter2D.cs
102,102 B,Packages/com.unity.visualscripting/Runtime/VisualScripting.Flow/Framework/Events/Physics2D/CollisionEvent2DUnit.cs
102,102 B,Packages/com.unity.visualscripting/Runtime/VisualScripting.Flow/Framework/Events/Physics/OnParticleCollision.cs
102,102 B,Packages/com.unity.visualscripting/Runtime/VisualScripting.Flow/Framework/Events/Physics/CollisionEventUnit.cs
102,102 B,Packages/com.unity.visualscripting/Runtime/VisualScripting.Flow/Framework/Events/Navigation/OnDestinationReached.cs
102,102 B,Packages/com.unity.visualscripting/Runtime/VisualScripting.Flow/Framework/Events/Input/OnMouseUpAsButton.cs
102,102 B,Packages/com.unity.visualscripting/Runtime/VisualScripting.Flow/Framework/Events/GUI/OnToggleValueChanged.cs
102,102 B,Packages/com.unity.visualscripting/Runtime/VisualScripting.Flow/Framework/Events/GUI/OnSliderValueChanged.cs
102,102 B,Packages/com.unity.visualscripting/Runtime/VisualScripting.Flow/Framework/Events/GUI/OnInputFieldEndEdit.cs
102,102 B,Packages/com.unity.visualscripting/Runtime/VisualScripting.Flow/Framework/Events/GUI/GenericGuiEventUnit.cs
102,102 B,Packages/com.unity.visualscripting/Runtime/VisualScripting.Flow/Framework/Events/Editor/OnDrawGizmosSelected.cs
102,102 B,Packages/com.unity.visualscripting/Runtime/VisualScripting.Flow/Framework/Events/Application/OnApplicationResume.cs
102,102 B,Packages/com.unity.visualscripting/Runtime/VisualScripting.Flow/Framework/Events/Application/OnApplicationQuit.cs
102,102 B,Packages/com.unity.visualscripting/Runtime/VisualScripting.Flow/Framework/Events/Application/OnApplicationPause.cs
102,102 B,Packages/com.unity.visualscripting/Runtime/VisualScripting.Flow/Framework/Events/Application/OnApplicationFocus.cs
102,102 B,Packages/com.unity.visualscripting/Runtime/VisualScripting.Flow/Framework/Events/Animation/BoltAnimationEvent.cs
102,102 B,Packages/com.unity.visualscripting/Runtime/VisualScripting.Flow/Framework/Collections/Dictionaries/SetDictionaryItem.cs
102,102 B,Packages/com.unity.visualscripting/Runtime/VisualScripting.Flow/Framework/Collections/Dictionaries/RemoveDictionaryItem.cs
102,102 B,Packages/com.unity.visualscripting/Runtime/VisualScripting.Flow/Framework/Collections/Dictionaries/MergeDictionaries.cs
102,102 B,Packages/com.unity.visualscripting/Runtime/VisualScripting.Flow/Framework/Collections/Dictionaries/GetDictionaryItem.cs
102,102 B,Packages/com.unity.visualscripting/Runtime/VisualScripting.Flow/Framework/Collections/Dictionaries/AddDictionaryItem.cs
102,102 B,Packages/com.unity.visualscripting/Runtime/VisualScripting.Flow/EditorBinding/UnitTitleAttribute.cs
102,102 B,Packages/com.unity.visualscripting/Runtime/VisualScripting.Flow/EditorBinding/UnitOrderAttribute.cs
102,102 B,Packages/com.unity.visualscripting/Runtime/VisualScripting.Flow/EditorBinding/SpecialUnitAttribute.cs
102,102 B,Packages/com.unity.visualscripting/Runtime/VisualScripting.Flow/EditorBinding/PortLabelAttribute.cs
102,102 B,Packages/com.unity.visualscripting/Runtime/VisualScripting.Flow/Dependencies/NCalc/NCalcParser.cs
102,102 B,Packages/com.unity.visualscripting/Runtime/VisualScripting.Flow/Dependencies/NCalc/NCalcLexer.cs
102,102 B,Packages/com.unity.visualscripting/Runtime/VisualScripting.Flow/Dependencies/NCalc/FunctionArgs.cs
102,102 B,Packages/com.unity.visualscripting/Runtime/VisualScripting.Flow/Dependencies/NCalc/Expression.cs
102,102 B,Packages/com.unity.visualscripting/Runtime/VisualScripting.Flow/Connections/InvalidConnection.cs
102,102 B,Packages/com.unity.visualscripting/Runtime/VisualScripting.Flow/Connections/ControlConnection.cs
102,102 B,Packages/com.unity.visualscripting/Runtime/VisualScripting.Core/Variables/VariableDeclarations.cs
102,102 B,Packages/com.unity.visualscripting/Runtime/VisualScripting.Core/Variables/VariableDeclaration.cs
102,102 B,Packages/com.unity.visualscripting/Runtime/VisualScripting.Core/Variables/IGraphWithVariables.cs
102,102 B,Packages/com.unity.visualscripting/Runtime/VisualScripting.Core/Variables/ApplicationVariables.cs
102,102 B,Packages/com.unity.visualscripting/Runtime/VisualScripting.Core/Utilities/UnityObjectUtility.cs
102,102 B,Packages/com.unity.visualscripting/Runtime/VisualScripting.Core/Utilities/ReferenceCollector.cs
102,102 B,Packages/com.unity.visualscripting/Runtime/VisualScripting.Core/Utilities/CSharpNameUtility.cs
102,102 B,Packages/com.unity.visualscripting/Runtime/VisualScripting.Core/Unity/SingletonAttribute.cs
102,102 B,Packages/com.unity.visualscripting/Runtime/VisualScripting.Core/Unity/IUnityObjectOwnable.cs
102,102 B,Packages/com.unity.visualscripting/Runtime/VisualScripting.Core/Serialization/SerializeAttribute.cs
102,102 B,Packages/com.unity.visualscripting/Runtime/VisualScripting.Core/Serialization/SerializeAsAttribute.cs
102,102 B,Packages/com.unity.visualscripting/Runtime/VisualScripting.Core/Serialization/SerializationData.cs
102,102 B,Packages/com.unity.visualscripting/Runtime/VisualScripting.Core/Serialization/Converters/UnityObjectConverter.cs
102,102 B,Packages/com.unity.visualscripting/Runtime/VisualScripting.Core/Serialization/Converters/NamespaceConverter.cs
102,102 B,Packages/com.unity.visualscripting/Runtime/VisualScripting.Core/Reflection/RenamedFromAttribute.cs
102,102 B,Packages/com.unity.visualscripting/Runtime/VisualScripting.Core/Reflection/Optimization/StaticInvokerBase.cs
102,102 B,Packages/com.unity.visualscripting/Runtime/VisualScripting.Core/Reflection/Optimization/ReflectionInvoker.cs
102,102 B,Packages/com.unity.visualscripting/Runtime/VisualScripting.Core/Reflection/Optimization/OptimizedReflection.cs
102,102 B,Packages/com.unity.visualscripting/Runtime/VisualScripting.Core/Reflection/Optimization/IOptimizedInvoker.cs
102,102 B,Packages/com.unity.visualscripting/Runtime/VisualScripting.Core/Reflection/Optimization/IOptimizedAccessor.cs
102,102 B,Packages/com.unity.visualscripting/Runtime/VisualScripting.Core/Reflection/Operators/UnaryOperatorHandler.cs
102,102 B,Packages/com.unity.visualscripting/Runtime/VisualScripting.Core/Reflection/Operators/SubtractionHandler.cs
102,102 B,Packages/com.unity.visualscripting/Runtime/VisualScripting.Core/Reflection/Operators/RightShiftHandler.cs
102,102 B,Packages/com.unity.visualscripting/Runtime/VisualScripting.Core/Reflection/Operators/OperatorException.cs
102,102 B,Packages/com.unity.visualscripting/Runtime/VisualScripting.Core/Reflection/Operators/InequalityHandler.cs
102,102 B,Packages/com.unity.visualscripting/Runtime/VisualScripting.Core/Reflection/Operators/GreaterThanHandler.cs
102,102 B,Packages/com.unity.visualscripting/Runtime/VisualScripting.Core/Reflection/Operators/ExclusiveOrHandler.cs
102,102 B,Packages/com.unity.visualscripting/Runtime/VisualScripting.Core/Reflection/MemberInfoComparer.cs
102,102 B,Packages/com.unity.visualscripting/Runtime/VisualScripting.Core/Reflection/LooseAssemblyName.cs
102,102 B,Packages/com.unity.visualscripting/Runtime/VisualScripting.Core/Reflection/IAttributeProvider.cs
102,102 B,Packages/com.unity.visualscripting/Runtime/VisualScripting.Core/Reflection/ConversionUtility.cs
102,102 B,Packages/com.unity.visualscripting/Runtime/VisualScripting.Core/Listeners/UnityMessageListener.cs
102,102 B,Packages/com.unity.visualscripting/Runtime/VisualScripting.Core/Listeners/IGraphEventListener.cs
102,102 B,Packages/com.unity.visualscripting/Runtime/VisualScripting.Core/Graphs/IGraphParentElement.cs
102,102 B,Packages/com.unity.visualscripting/Runtime/VisualScripting.Core/Graphs/IGraphNesterElement.cs
102,102 B,Packages/com.unity.visualscripting/Runtime/VisualScripting.Core/Graphs/IGraphElementData.cs
102,102 B,Packages/com.unity.visualscripting/Runtime/VisualScripting.Core/Events/FrameDelayedCallback.cs
102,102 B,Packages/com.unity.visualscripting/Runtime/VisualScripting.Core/Events/EventHookComparer.cs
102,102 B,Packages/com.unity.visualscripting/Runtime/VisualScripting.Core/Ensure/ExceptionMessages.cs
102,102 B,Packages/com.unity.visualscripting/Runtime/VisualScripting.Core/EditorBinding/TypeIconAttribute.cs
102,102 B,Packages/com.unity.visualscripting/Runtime/VisualScripting.Core/EditorBinding/PredictableAttribute.cs
102,102 B,Packages/com.unity.visualscripting/Runtime/VisualScripting.Core/EditorBinding/InspectableAttribute.cs
102,102 B,Packages/com.unity.visualscripting/Runtime/VisualScripting.Core/EditorBinding/EditorTimeBinding.cs
102,102 B,Packages/com.unity.visualscripting/Runtime/VisualScripting.Core/EditorBinding/EditorBindingUtility.cs
102,102 B,Packages/com.unity.visualscripting/Runtime/VisualScripting.Core/EditorBinding/AllowsNullAttribute.cs
102,102 B,Packages/com.unity.visualscripting/Runtime/VisualScripting.Core/Dependencies/FullSerializer/Internal/fsOption.cs
102,102 B,Packages/com.unity.visualscripting/Runtime/VisualScripting.Core/Decorators/IDecoratorAttribute.cs
102,102 B,Packages/com.unity.visualscripting/Runtime/VisualScripting.Core/Cloning/Cloners/AnimationCurveCloner.cs
102,102 B,Packages/com.unity.ugui/Runtime/TMP/TMP_DynamicFontAssetUtilities.cs
102,102 B,Packages/com.unity.timeline/Runtime/Utilities/AnimationPreviewUtilities.cs
102,102 B,Packages/com.unity.timeline/Runtime/Playables/TimeNotificationBehaviour.cs
102,102 B,Packages/com.unity.timeline/Runtime/Playables/ActivationControlPlayable.cs
102,102 B,Packages/com.unity.timeline/Runtime/Events/INotificationOptionProvider.cs
102,102 B,Packages/com.unity.splines/Runtime/SplineDataHandleAttribute.cs
102,102 B,Packages/com.unity.render-pipelines.universal/Runtime/NoAllocUtils.cs
102,102 B,Packages/com.unity.render-pipelines.universal/Runtime/2D/Light2D.cs
102,102 B,Packages/com.unity.render-pipelines.universal/Runtime/2D/Clipper.cs
102,102 B,Packages/com.unity.render-pipelines.core/Runtime/XR/XRSRPSettings.cs
102,102 B,Packages/com.unity.render-pipelines.core/Runtime/Volume/VolumeProfile.cs
102,102 B,Packages/com.unity.render-pipelines.core/Runtime/Volume/VolumeParameter.cs
102,102 B,Packages/com.unity.render-pipelines.core/Runtime/Volume/VolumeManager.cs
102,102 B,Packages/com.unity.render-pipelines.core/Runtime/Volume/VolumeComponent.cs
102,102 B,Packages/com.unity.render-pipelines.core/Runtime/Volume/VolumeCollection.cs
102,102 B,Packages/com.unity.render-pipelines.core/Runtime/Volume/KeyframeUtility.cs
102,102 B,Packages/com.unity.render-pipelines.core/Runtime/Utilities/TileLayoutUtils.cs
102,102 B,Packages/com.unity.render-pipelines.core/Runtime/Utilities/TextureGradient.cs
102,102 B,Packages/com.unity.render-pipelines.core/Runtime/Utilities/ResourceReloader.cs
102,102 B,Packages/com.unity.render-pipelines.core/Runtime/Utilities/LightUnitUtils.cs
102,102 B,Packages/com.unity.render-pipelines.core/Runtime/Utilities/HaltonSequence.cs
102,102 B,Packages/com.unity.render-pipelines.core/Runtime/Utilities/HDROutputUtils.cs
102,102 B,Packages/com.unity.render-pipelines.core/Runtime/Utilities/GPUPrefixSum/GPUPrefixSum.Data.cs
102,102 B,Packages/com.unity.render-pipelines.core/Runtime/Utilities/DelegateUtility.cs
102,102 B,Packages/com.unity.render-pipelines.core/Runtime/Utilities/CoreMatrixUtils.cs
102,102 B,Packages/com.unity.render-pipelines.core/Runtime/Utilities/ColorSpaceUtils.cs
102,102 B,Packages/com.unity.render-pipelines.core/Runtime/Utilities/ArrayExtensions.cs
102,102 B,Packages/com.unity.render-pipelines.core/Runtime/Textures/Texture2DAtlas.cs
102,102 B,Packages/com.unity.render-pipelines.core/Runtime/Textures/RTHandleSystem.cs
102,102 B,Packages/com.unity.render-pipelines.core/Runtime/RenderPipeline/IVolumetricCloud.cs
102,102 B,Packages/com.unity.render-pipelines.core/Runtime/RenderPipeline/ICloudBackground.cs
102,102 B,Packages/com.unity.render-pipelines.core/Runtime/RenderGraph/RenderGraphCompilationCache.cs
102,102 B,Packages/com.unity.render-pipelines.core/Runtime/PostProcessing/LensFlareDataSRP.cs
102,102 B,Packages/com.unity.render-pipelines.core/Runtime/Lighting/ProbeVolume/ProbeBrickPool.cs
102,102 B,Packages/com.unity.render-pipelines.core/Runtime/Lighting/ProbeVolume/ProbeBrickIndex.cs
102,102 B,Packages/com.unity.render-pipelines.core/Runtime/GPUDriven/InstanceData/InstanceType.cs
102,102 B,Packages/com.unity.render-pipelines.core/Runtime/GPUDriven/InstanceData/InstanceData.cs
102,102 B,Packages/com.unity.render-pipelines.core/Runtime/Debugging/ProfilingScope.cs
102,102 B,Packages/com.unity.render-pipelines.core/Runtime/Debugging/FrameTiming/FrameTimeSample.cs
102,102 B,Packages/com.unity.render-pipelines.core/Runtime/Debugging/DebugManager.UIState.cs
102,102 B,Packages/com.unity.render-pipelines.core/Runtime/Debugging/DebugManager.Actions.cs
102,102 B,Packages/com.unity.render-pipelines.core/Runtime/Debugging/DebugFrameTiming.cs
102,102 B,Packages/com.unity.render-pipelines.core/Runtime/Common/SerializableEnum.cs
102,102 B,Packages/com.unity.render-pipelines.core/Runtime/Common/ReloadAttribute.cs
102,102 B,Packages/com.unity.render-pipelines.core/Runtime/Common/IAdditionalData.cs
102,102 B,Packages/com.unity.render-pipelines.core/Runtime/Common/DynamicString.cs
102,102 B,Packages/com.unity.render-pipelines.core/Runtime/Common/CoreUnsafeUtils.cs
102,102 B,Packages/com.unity.render-pipelines.core/Runtime/Common/ContextContainer.cs
102,102 B,Packages/com.unity.render-pipelines.core/Runtime/Common/ConstantBuffer.cs
102,102 B,Packages/com.unity.render-pipelines.core/Runtime/Camera/CameraSwitcher.cs
102,102 B,Packages/com.unity.probuilder/Runtime/Core/SelectionPickerRendererHDRP.cs
102,102 B,Packages/com.unity.probuilder/External/Poly2Tri/Utility/FixedBitArray3.cs
102,102 B,Packages/com.unity.probuilder/External/Poly2Tri/Triangulation/Util/PolygonGenerator.cs
102,102 B,Packages/com.unity.probuilder/External/Poly2Tri/Triangulation/Util/PointGenerator.cs
102,102 B,Packages/com.unity.probuilder/External/Poly2Tri/Triangulation/ITriangulatable.cs
102,102 B,Packages/com.unity.probuilder/External/Poly2Tri/Triangulation/Delaunay/Sweep/DTSweepEdgeEvent.cs
102,102 B,Packages/com.unity.probuilder/External/Poly2Tri/Triangulation/Delaunay/Sweep/DTSweepContext.cs
102,102 B,Packages/com.unity.probuilder/External/Poly2Tri/Triangulation/Delaunay/Sweep/AdvancingFront.cs
102,102 B,Packages/com.unity.probuilder/External/Poly2Tri/Triangulation/Delaunay/DelaunayTriangle.cs
102,102 B,Packages/com.unity.inputsystem/InputSystem/Utilities/Comparers.cs
102,102 B,Packages/com.unity.inputsystem/InputSystem/State/InputStateHistory.cs
102,102 B,Packages/com.unity.inputsystem/InputSystem/State/InputStateBuffers.cs
102,102 B,Packages/com.unity.inputsystem/InputSystem/State/IInputStateTypeInfo.cs
102,102 B,Packages/com.unity.inputsystem/InputSystem/Plugins/iOS/InputSettingsiOSProvider.cs
102,102 B,Packages/com.unity.inputsystem/InputSystem/Plugins/Users/InputUserSettings.cs
102,102 B,Packages/com.unity.inputsystem/InputSystem/Plugins/PlayerInput/PlayerInputEditor.cs
102,102 B,Packages/com.unity.inputsystem/InputSystem/Plugins/EnhancedTouch/TouchSimulation.cs
102,102 B,Packages/com.unity.inputsystem/InputSystem/NativeInputRuntime.cs
102,102 B,Packages/com.unity.inputsystem/InputSystem/Events/InputEventListener.cs
102,102 B,Packages/com.unity.inputsystem/InputSystem/Events/IMECompositionEvent.cs
102,102 B,Packages/com.unity.inputsystem/InputSystem/Events/IInputEventTypeInfo.cs
102,102 B,Packages/com.unity.inputsystem/InputSystem/Events/DeviceRemoveEvent.cs
102,102 B,Packages/com.unity.inputsystem/InputSystem/Editor/UITKAssetEditor/Views/MatchingControlPaths.cs
102,102 B,Packages/com.unity.inputsystem/InputSystem/Editor/UITKAssetEditor/Views/IViewStateCollection.cs
102,102 B,Packages/com.unity.inputsystem/InputSystem/Editor/UITKAssetEditor/Views/ControlSchemesView.cs
102,102 B,Packages/com.unity.inputsystem/InputSystem/Editor/UITKAssetEditor/Views/ActionPropertiesView.cs
102,102 B,Packages/com.unity.inputsystem/InputSystem/Editor/UITKAssetEditor/EnumerableExtensions.cs
102,102 B,Packages/com.unity.inputsystem/InputSystem/Editor/PropertyDrawers/InputActionMapDrawer.cs
102,102 B,Packages/com.unity.inputsystem/InputSystem/Editor/PropertyDrawers/InputActionDrawer.cs
102,102 B,Packages/com.unity.inputsystem/InputSystem/Editor/Internal/InputEventTreeView.cs
102,102 B,Packages/com.unity.inputsystem/InputSystem/Editor/Internal/InputControlTreeView.cs
102,102 B,Packages/com.unity.inputsystem/InputSystem/Editor/Internal/BuildProviderHelpers.cs
102,102 B,Packages/com.unity.inputsystem/InputSystem/Editor/Internal/AdvancedDropdown/MultiLevelDataSource.cs
102,102 B,Packages/com.unity.inputsystem/InputSystem/Editor/Internal/AdvancedDropdown/CallbackDataSource.cs
102,102 B,Packages/com.unity.inputsystem/InputSystem/Editor/Internal/AdvancedDropdown/AdvancedDropdownItem.cs
102,102 B,Packages/com.unity.inputsystem/InputSystem/Editor/Internal/AdvancedDropdown/AdvancedDropdownGUI.cs
102,102 B,Packages/com.unity.inputsystem/InputSystem/Editor/InputParameterEditor.cs
102,102 B,Packages/com.unity.inputsystem/InputSystem/Editor/DeviceSimulator/InputSystemPlugin.cs
102,102 B,Packages/com.unity.inputsystem/InputSystem/Editor/Debugger/InputDebuggerWindow.cs
102,102 B,Packages/com.unity.inputsystem/InputSystem/Editor/ControlPicker/InputControlPicker.cs
102,102 B,Packages/com.unity.inputsystem/InputSystem/Editor/BuildPipeline/LinkFileGenerator.cs
102,102 B,Packages/com.unity.inputsystem/InputSystem/Editor/AssetImporter/InputActionImporter.cs
102,102 B,Packages/com.unity.inputsystem/InputSystem/Editor/AssetEditor/PropertiesViewBase.cs
102,102 B,Packages/com.unity.inputsystem/InputSystem/Editor/AssetEditor/InputActionTreeView.cs
102,102 B,Packages/com.unity.inputsystem/InputSystem/Editor/Analytics/InputEditorAnalytics.cs
102,102 B,Packages/com.unity.inputsystem/InputSystem/Editor/Analytics/InputBuildAnalytic.cs
102,102 B,Packages/com.unity.inputsystem/InputSystem/Devices/InputDeviceMatcher.cs
102,102 B,Packages/com.unity.inputsystem/InputSystem/Devices/InputDeviceBuilder.cs
102,102 B,Packages/com.unity.inputsystem/InputSystem/Devices/ITextInputReceiver.cs
102,102 B,Packages/com.unity.inputsystem/InputSystem/Devices/IEventPreProcessor.cs
102,102 B,Packages/com.unity.inputsystem/InputSystem/Devices/ICustomDeviceReset.cs
102,102 B,Packages/com.unity.inputsystem/InputSystem/Devices/Commands/RequestSyncCommand.cs
102,102 B,Packages/com.unity.inputsystem/InputSystem/Devices/Commands/RequestResetCommand.cs
102,102 B,Packages/com.unity.inputsystem/InputSystem/Devices/Commands/QueryUserIdCommand.cs
102,102 B,Packages/com.unity.inputsystem/InputSystem/Devices/Commands/QueryKeyNameCommand.cs
102,102 B,Packages/com.unity.inputsystem/InputSystem/Devices/Commands/InputDeviceCommand.cs
102,102 B,Packages/com.unity.inputsystem/InputSystem/Devices/Commands/EnableDeviceCommand.cs
102,102 B,Packages/com.unity.inputsystem/InputSystem/Devices/Commands/DisableDeviceCommand.cs
102,102 B,Packages/com.unity.inputsystem/InputSystem/Controls/TouchPressControl.cs
102,102 B,Packages/com.unity.inputsystem/InputSystem/Controls/TouchPhaseControl.cs
102,102 B,Packages/com.unity.inputsystem/InputSystem/Controls/QuaternionControl.cs
102,102 B,Packages/com.unity.inputsystem/InputSystem/Controls/InputControlLayout.cs
102,102 B,Packages/com.unity.inputsystem/InputSystem/Controls/InputControlExtensions.cs
102,102 B,Packages/com.unity.inputsystem/InputSystem/Actions/InputInteractionContext.cs
102,102 B,Packages/com.unity.inputsystem/InputSystem/Actions/InputBindingComposite.cs
102,102 B,Packages/com.unity.inputsystem/InputSystem/Actions/IInputActionCollection.cs
102,102 B,Packages/com.unity.collections/Unity.Collections/NativeNotBurstCompatible.cs
102,102 B,Packages/com.unity.visualscripting/Runtime/VisualScripting.Core/Ensure/EnsureThat.ValueTypes.cs
102,102 B,Packages/com.unity.visualscripting/Runtime/VisualScripting.Core/Ensure/EnsureThat.Reflection.cs
102,102 B,Packages/com.unity.visualscripting/Runtime/VisualScripting.Core/Ensure/EnsureThat.Comparables.cs
102,102 B,Packages/com.unity.visualscripting/Runtime/VisualScripting.Core/Ensure/EnsureThat.Collections.cs
102,102 B,Packages/com.unity.visualscripting/Runtime/VisualScripting.Core/Dependencies/FullSerializer/fsSerializer.cs
102,102 B,Packages/com.unity.visualscripting/Runtime/VisualScripting.Core/Dependencies/FullSerializer/fsJsonParser.cs
102,102 B,Packages/com.unity.visualscripting/Runtime/VisualScripting.Core/Dependencies/FullSerializer/fsConverter.cs
102,102 B,Packages/com.unity.visualscripting/Runtime/VisualScripting.Core/Dependencies/FullSerializer/fsContext.cs
102,102 B,Packages/com.unity.visualscripting/Runtime/VisualScripting.Core/Dependencies/FullSerializer/Reflection/fsTypeCache.cs
102,102 B,Packages/com.unity.visualscripting/Runtime/VisualScripting.Core/Dependencies/FullSerializer/Reflection/fsMetaType.cs
102,102 B,Packages/com.unity.ugui/Runtime/UGUI/EventSystem/InputModules/StandaloneInputModule.cs
102,102 B,Packages/com.unity.rendering.light-transport/Runtime/UnifiedRayTracing/Compute/RadeonRays/StringIDs.cs
102,102 B,Packages/com.unity.rendering.light-transport/Runtime/UnifiedRayTracing/Compute/RadeonRays/Common.cs
102,102 B,Packages/com.unity.rendering.light-transport/Runtime/UnifiedRayTracing/Compute/RadeonRays/BvhCheck.cs
102,102 B,Packages/com.unity.render-pipelines.universal/Runtime/StpUtils.cs
102,102 B,Packages/com.unity.render-pipelines.universal/Runtime/Overrides/Vignette.cs
102,102 B,Packages/com.unity.render-pipelines.universal/Runtime/Overrides/Bloom.cs
102,102 B,Packages/com.unity.render-pipelines.core/Runtime/XR/XRView.cs
102,102 B,Packages/com.unity.render-pipelines.core/Runtime/XR/XRSystem.cs
102,102 B,Packages/com.unity.render-pipelines.core/Runtime/XR/XRPass.cs
102,102 B,Packages/com.unity.render-pipelines.core/Runtime/XR/XRLayout.cs
102,102 B,Packages/com.unity.render-pipelines.core/Runtime/GPUDriven/BatchLayers.cs
102,102 B,Packages/com.unity.render-pipelines.core/Runtime/Debugging/DebugUI.Containers.cs
102,102 B,Packages/com.unity.probuilder/Runtime/MeshOperations/VertexEditing.cs
102,102 B,Packages/com.unity.probuilder/Runtime/MeshOperations/Triangulation.cs
102,102 B,Packages/com.unity.probuilder/Runtime/MeshOperations/SurfaceTopology.cs
102,102 B,Packages/com.unity.probuilder/Runtime/MeshOperations/MeshValidation.cs
102,102 B,Packages/com.unity.probuilder/Runtime/MeshOperations/MeshTransform.cs
102,102 B,Packages/com.unity.probuilder/Runtime/MeshOperations/MergeElements.cs
102,102 B,Packages/com.unity.probuilder/Runtime/MeshOperations/ExtrudeElements.cs
102,102 B,Packages/com.unity.probuilder/Runtime/MeshOperations/ElementSelection.cs
102,102 B,Packages/com.unity.probuilder/Runtime/MeshOperations/DeleteElements.cs
102,102 B,Packages/com.unity.probuilder/Runtime/MeshOperations/ConnectElements.cs
102,102 B,Packages/com.unity.probuilder/Runtime/MeshOperations/CombineMeshes.cs
102,102 B,Packages/com.unity.probuilder/Runtime/MeshOperations/AppendElements.cs
102,102 B,Packages/com.unity.probuilder/Runtime/Core/SelectionPickerRenderer.cs
102,102 B,Packages/com.unity.multiplayer.center/Common/AnswerData.cs
102,102 B,Packages/com.unity.inputsystem/InputSystem/Utilities/StringHelpers.cs
102,102 B,Packages/com.unity.inputsystem/InputSystem/Utilities/SpriteUtilities.cs
102,102 B,Packages/com.unity.inputsystem/InputSystem/Utilities/PrimitiveValue.cs
102,102 B,Packages/com.unity.inputsystem/InputSystem/Utilities/PredictiveParser.cs
102,102 B,Packages/com.unity.inputsystem/InputSystem/Utilities/NumberHelpers.cs
102,102 B,Packages/com.unity.inputsystem/InputSystem/Utilities/MemoryHelpers.cs
102,102 B,Packages/com.unity.inputsystem/InputSystem/Utilities/InternedString.cs
102,102 B,Packages/com.unity.inputsystem/InputSystem/Utilities/ExceptionHelpers.cs
102,102 B,Packages/com.unity.inputsystem/InputSystem/Utilities/DelegateHelpers.cs
102,102 B,Packages/com.unity.inputsystem/InputSystem/Plugins/iOS/iOSStepCounter.cs
102,102 B,Packages/com.unity.inputsystem/InputSystem/Plugins/XR/TrackedPoseDriver.cs
102,102 B,Packages/com.unity.inputsystem/InputSystem/Plugins/XR/Haptics/BufferedRumble.cs
102,102 B,Packages/com.unity.inputsystem/InputSystem/Plugins/UI/VirtualMouseInput.cs
102,102 B,Packages/com.unity.inputsystem/InputSystem/Plugins/UI/INavigationEventData.cs
102,102 B,Packages/com.unity.inputsystem/InputSystem/Plugins/UI/BaseInputOverride.cs
102,102 B,Packages/com.unity.inputsystem/InputSystem/Plugins/DualShock/DualShockSupport.cs
102,102 B,Packages/com.unity.inputsystem/InputSystem/Plugins/DualShock/DualShockGamepad.cs
102,102 B,Packages/com.unity.inputsystem/InputSystem/Controls/Processors/ScaleProcessor.cs
102,102 B,Packages/com.unity.inputsystem/InputSystem/Controls/Processors/InvertProcessor.cs
102,102 B,Packages/com.unity.inputsystem/InputSystem/Controls/Processors/ClampProcessor.cs
102,102 B,Packages/com.unity.inputsystem/InputSystem/Actions/Interactions/TapInteraction.cs
102,102 B,Packages/com.unity.inputsystem/InputSystem/Actions/Interactions/PressInteraction.cs
102,102 B,Packages/com.unity.inputsystem/InputSystem/Actions/Interactions/HoldInteraction.cs
102,102 B,Packages/com.unity.inputsystem/InputSystem/Actions/InputActionTrace.cs
102,102 B,Packages/com.unity.inputsystem/InputSystem/Actions/Composites/Vector3Composite.cs
102,102 B,Packages/com.unity.inputsystem/InputSystem/Actions/Composites/Vector2Composite.cs
102,102 B,Packages/com.unity.inputsystem/InputSystem/Actions/Composites/AxisComposite.cs
102,102 B,Packages/com.unity.collections/Unity.Collections/UnsafeBitArray.cs
102,102 B,Packages/com.unity.collections/Unity.Collections/UTF8ArrayUnsafeUtility.cs
102,102 B,Packages/com.unity.collections/Unity.Collections/StreamCompressionModel.cs
102,102 B,Packages/com.unity.collections/Unity.Collections/NativeArrayExtensions.cs
102,102 B,Packages/com.unity.collections/Unity.Collections/FixedStringInternalMethods.cs
102,102 B,Packages/com.unity.collections/Unity.Collections/FixedStringFormatMethods.gen.cs
102,102 B,Packages/com.unity.cinemachine/Runtime/Timeline/CinemachineShotPlayable.cs
102,102 B,Packages/com.unity.cinemachine/Runtime/Timeline/CinemachinePlayableMixer.cs
102,102 B,Packages/com.unity.cinemachine/Runtime/Impulse/CinemachineImpulseSource.cs
102,102 B,Packages/com.unity.cinemachine/Runtime/Impulse/CinemachineFixedSignal.cs
102,102 B,Packages/com.unity.cinemachine/Runtime/Helpers/GroupWeightManipulator.cs
102,102 B,Packages/com.unity.cinemachine/Runtime/Helpers/CinemachineTriggerAction.cs
102,102 B,Packages/com.unity.cinemachine/Runtime/Helpers/CinemachineCameraEvents.cs
102,102 B,Packages/com.unity.cinemachine/Runtime/Helpers/CinemachineBrainEvents.cs
102,102 B,Packages/com.unity.cinemachine/Runtime/Deprecated/DeprecatedAttributes.cs
102,102 B,Packages/com.unity.cinemachine/Runtime/Deprecated/CinemachineVirtualCamera.cs
102,102 B,Packages/com.unity.cinemachine/Runtime/Deprecated/CinemachineTransposer.cs
102,102 B,Packages/com.unity.cinemachine/Runtime/Deprecated/CinemachineTrackedDolly.cs
102,102 B,Packages/com.unity.cinemachine/Runtime/Deprecated/CinemachineSmoothPath.cs
102,102 B,Packages/com.unity.cinemachine/Runtime/Deprecated/CinemachineInputProvider.cs
102,102 B,Packages/com.unity.cinemachine/Runtime/Deprecated/CinemachineGroupComposer.cs
102,102 B,Packages/com.unity.cinemachine/Runtime/Deprecated/CinemachineDoNotUpgrade.cs
102,102 B,Packages/com.unity.cinemachine/Runtime/Core/VirtualCameraRegistry.cs
102,102 B,Packages/com.unity.cinemachine/Runtime/Core/UnityVectorExtensions.cs
102,102 B,Packages/com.unity.cinemachine/Runtime/Core/ScreenComposerSettings.cs
102,102 B,Packages/com.unity.cinemachine/Runtime/Core/IShotQualityEvaluator.cs
102,102 B,Packages/com.unity.cinemachine/Runtime/Core/CinemachineComponentBase.cs
102,102 B,Packages/com.unity.cinemachine/Runtime/Components/CinemachineSplineDolly.cs
102,102 B,Packages/com.unity.cinemachine/Runtime/Components/CinemachineOrbitalFollow.cs
102,102 B,Packages/com.unity.cinemachine/Runtime/Components/CinemachineHardLookAt.cs
102,102 B,Packages/com.unity.cinemachine/Runtime/Behaviours/CinemachineTargetGroup.cs
102,102 B,Packages/com.unity.cinemachine/Runtime/Behaviours/CinemachineStoryboard.cs
102,102 B,Packages/com.unity.cinemachine/Runtime/Behaviours/CinemachineSplineRoll.cs
102,102 B,Packages/com.unity.cinemachine/Runtime/Behaviours/CinemachineSplineCart.cs
102,102 B,Packages/com.unity.cinemachine/Runtime/Behaviours/CinemachineRecomposer.cs
102,102 B,Packages/com.unity.cinemachine/Runtime/Behaviours/CinemachinePixelPerfect.cs
102,102 B,Packages/com.unity.cinemachine/Runtime/Behaviours/CinemachineMixingCamera.cs
102,102 B,Packages/com.unity.cinemachine/Runtime/Behaviours/CinemachineGroupFraming.cs
102,102 B,Packages/com.unity.cinemachine/Runtime/Behaviours/CinemachineFollowZoom.cs
102,102 B,Packages/com.unity.cinemachine/Runtime/Behaviours/CinemachineDeoccluder.cs
102,102 B,Packages/com.unity.cinemachine/Runtime/Behaviours/CinemachineDecollider.cs
102,102 B,Packages/com.unity.cinemachine/Runtime/Behaviours/CinemachineConfiner3D.cs
102,102 B,Packages/com.unity.cinemachine/Runtime/Behaviours/CinemachineConfiner2D.cs
102,102 B,Packages/com.unity.cinemachine/Runtime/Behaviours/CinemachineCameraOffset.cs
102,102 B,Packages/com.unity.burst/Runtime/CompilerServices/SkipLocalsInitAttribute.cs
102,102 B,Packages/com.unity.burst/Runtime/CompilerServices/IgnoreWarningAttribute.cs
102,102 B,Packages/com.unity.ai.navigation/Runtime/NavMeshModifierVolume.cs
102,102 B,Packages/com.unity.visualscripting/Runtime/VisualScripting.State/Units/SetStateGraph.cs
102,102 B,Packages/com.unity.visualscripting/Runtime/VisualScripting.State/Units/GetStateGraphs.cs
102,102 B,Packages/com.unity.visualscripting/Runtime/VisualScripting.State/Units/GetStateGraph.cs
102,102 B,Packages/com.unity.visualscripting/Runtime/VisualScripting.State/StateTransition.cs
102,102 B,Packages/com.unity.visualscripting/Runtime/VisualScripting.State/StateGraphData.cs
102,102 B,Packages/com.unity.visualscripting/Runtime/VisualScripting.State/StateGraphAsset.cs
102,102 B,Packages/com.unity.visualscripting/Runtime/VisualScripting.State/StateEventHooks.cs
102,102 B,Packages/com.unity.visualscripting/Runtime/VisualScripting.State/IStateTransition.cs
102,102 B,Packages/com.unity.visualscripting/Runtime/VisualScripting.State/IStateDebugData.cs
102,102 B,Packages/com.unity.visualscripting/Runtime/VisualScripting.State/Framework/Graph/HasStateGraph.cs
102,102 B,Packages/com.unity.visualscripting/Runtime/VisualScripting.Flow/UnitPreservation.cs
102,102 B,Packages/com.unity.visualscripting/Runtime/VisualScripting.Flow/ScriptMachine.cs
102,102 B,Packages/com.unity.visualscripting/Runtime/VisualScripting.Flow/ScriptGraphAsset.cs
102,102 B,Packages/com.unity.visualscripting/Runtime/VisualScripting.Flow/Ports/InvalidOutput.cs
102,102 B,Packages/com.unity.visualscripting/Runtime/VisualScripting.Flow/Ports/IUnitValuePort.cs
102,102 B,Packages/com.unity.visualscripting/Runtime/VisualScripting.Flow/Ports/IUnitOutputPort.cs
102,102 B,Packages/com.unity.visualscripting/Runtime/VisualScripting.Flow/Ports/IUnitInvalidPort.cs
102,102 B,Packages/com.unity.visualscripting/Runtime/VisualScripting.Flow/Ports/IUnitInputPort.cs
102,102 B,Packages/com.unity.visualscripting/Runtime/VisualScripting.Flow/Ports/IUnitControlPort.cs
102,102 B,Packages/com.unity.visualscripting/Runtime/VisualScripting.Flow/Ports/ControlOutput.cs
102,102 B,Packages/com.unity.visualscripting/Runtime/VisualScripting.Flow/MultiInputUnit.cs
102,102 B,Packages/com.unity.visualscripting/Runtime/VisualScripting.Flow/IUnitDebugData.cs
102,102 B,Packages/com.unity.visualscripting/Runtime/VisualScripting.Flow/Framework/Variables/SaveVariables.cs
102,102 B,Packages/com.unity.visualscripting/Runtime/VisualScripting.Flow/Framework/Variables/Obsolete/SetVariableUnit.cs
102,102 B,Packages/com.unity.visualscripting/Runtime/VisualScripting.Flow/Framework/Variables/Obsolete/SetSceneVariable.cs
102,102 B,Packages/com.unity.visualscripting/Runtime/VisualScripting.Flow/Framework/Variables/Obsolete/SetSavedVariable.cs
102,102 B,Packages/com.unity.visualscripting/Runtime/VisualScripting.Flow/Framework/Variables/Obsolete/SetGraphVariable.cs
102,102 B,Packages/com.unity.visualscripting/Runtime/VisualScripting.Flow/Framework/Variables/Obsolete/IVariableUnit.cs
102,102 B,Packages/com.unity.visualscripting/Runtime/VisualScripting.Flow/Framework/Variables/Obsolete/GetVariableUnit.cs
102,102 B,Packages/com.unity.visualscripting/Runtime/VisualScripting.Flow/Framework/Variables/Obsolete/GetSceneVariable.cs
102,102 B,Packages/com.unity.visualscripting/Runtime/VisualScripting.Flow/Framework/Variables/Obsolete/GetSavedVariable.cs
102,102 B,Packages/com.unity.visualscripting/Runtime/VisualScripting.Flow/Framework/Variables/Obsolete/GetGraphVariable.cs
102,102 B,Packages/com.unity.visualscripting/Runtime/VisualScripting.Flow/Framework/Time/WaitWhileUnit.cs
102,102 B,Packages/com.unity.visualscripting/Runtime/VisualScripting.Flow/Framework/Time/WaitUntilUnit.cs
102,102 B,Packages/com.unity.visualscripting/Runtime/VisualScripting.Flow/Framework/Math/Vector4/Vector4Subtract.cs
102,102 B,Packages/com.unity.visualscripting/Runtime/VisualScripting.Flow/Framework/Math/Vector4/Vector4PerSecond.cs
102,102 B,Packages/com.unity.visualscripting/Runtime/VisualScripting.Flow/Framework/Math/Vector4/Vector4Normalize.cs
102,102 B,Packages/com.unity.visualscripting/Runtime/VisualScripting.Flow/Framework/Math/Vector4/Vector4Multiply.cs
102,102 B,Packages/com.unity.visualscripting/Runtime/VisualScripting.Flow/Framework/Math/Vector4/Vector4Modulo.cs
102,102 B,Packages/com.unity.visualscripting/Runtime/VisualScripting.Flow/Framework/Math/Vector4/Vector4Minimum.cs
102,102 B,Packages/com.unity.visualscripting/Runtime/VisualScripting.Flow/Framework/Math/Vector4/Vector4Maximum.cs
102,102 B,Packages/com.unity.visualscripting/Runtime/VisualScripting.Flow/Framework/Math/Vector4/Vector4Divide.cs
102,102 B,Packages/com.unity.visualscripting/Runtime/VisualScripting.Flow/Framework/Math/Vector4/Vector4Distance.cs
102,102 B,Packages/com.unity.visualscripting/Runtime/VisualScripting.Flow/Framework/Math/Vector4/Vector4Average.cs
102,102 B,Packages/com.unity.visualscripting/Runtime/VisualScripting.Flow/Framework/Math/Vector4/Vector4Absolute.cs
102,102 B,Packages/com.unity.visualscripting/Runtime/VisualScripting.Flow/Framework/Math/Vector3/Vector3Subtract.cs
102,102 B,Packages/com.unity.visualscripting/Runtime/VisualScripting.Flow/Framework/Math/Vector3/Vector3Project.cs
102,102 B,Packages/com.unity.visualscripting/Runtime/VisualScripting.Flow/Framework/Math/Vector3/Vector3PerSecond.cs
102,102 B,Packages/com.unity.visualscripting/Runtime/VisualScripting.Flow/Framework/Math/Vector3/Vector3Normalize.cs
102,102 B,Packages/com.unity.visualscripting/Runtime/VisualScripting.Flow/Framework/Math/Vector3/Vector3Multiply.cs
102,102 B,Packages/com.unity.visualscripting/Runtime/VisualScripting.Flow/Framework/Math/Vector3/Vector3Modulo.cs
102,102 B,Packages/com.unity.visualscripting/Runtime/VisualScripting.Flow/Framework/Math/Vector3/Vector3Minimum.cs
102,102 B,Packages/com.unity.visualscripting/Runtime/VisualScripting.Flow/Framework/Math/Vector3/Vector3Maximum.cs
102,102 B,Packages/com.unity.visualscripting/Runtime/VisualScripting.Flow/Framework/Math/Vector3/Vector3Divide.cs
102,102 B,Packages/com.unity.visualscripting/Runtime/VisualScripting.Flow/Framework/Math/Vector3/Vector3Distance.cs
102,102 B,Packages/com.unity.visualscripting/Runtime/VisualScripting.Flow/Framework/Math/Vector3/Vector3Average.cs
102,102 B,Packages/com.unity.visualscripting/Runtime/VisualScripting.Flow/Framework/Math/Vector3/Vector3Absolute.cs
102,102 B,Packages/com.unity.visualscripting/Runtime/VisualScripting.Flow/Framework/Math/Vector2/Vector2Subtract.cs
102,102 B,Packages/com.unity.visualscripting/Runtime/VisualScripting.Flow/Framework/Math/Vector2/Vector2Project.cs
102,102 B,Packages/com.unity.visualscripting/Runtime/VisualScripting.Flow/Framework/Math/Vector2/Vector2PerSecond.cs
102,102 B,Packages/com.unity.visualscripting/Runtime/VisualScripting.Flow/Framework/Math/Vector2/Vector2Normalize.cs
102,102 B,Packages/com.unity.visualscripting/Runtime/VisualScripting.Flow/Framework/Math/Vector2/Vector2Multiply.cs
102,102 B,Packages/com.unity.visualscripting/Runtime/VisualScripting.Flow/Framework/Math/Vector2/Vector2Modulo.cs
102,102 B,Packages/com.unity.visualscripting/Runtime/VisualScripting.Flow/Framework/Math/Vector2/Vector2Minimum.cs
102,102 B,Packages/com.unity.visualscripting/Runtime/VisualScripting.Flow/Framework/Math/Vector2/Vector2Maximum.cs
102,102 B,Packages/com.unity.visualscripting/Runtime/VisualScripting.Flow/Framework/Math/Vector2/Vector2Divide.cs
102,102 B,Packages/com.unity.visualscripting/Runtime/VisualScripting.Flow/Framework/Math/Vector2/Vector2Distance.cs
102,102 B,Packages/com.unity.visualscripting/Runtime/VisualScripting.Flow/Framework/Math/Vector2/Vector2Average.cs
102,102 B,Packages/com.unity.visualscripting/Runtime/VisualScripting.Flow/Framework/Math/Vector2/Vector2Absolute.cs
102,102 B,Packages/com.unity.visualscripting/Runtime/VisualScripting.Flow/Framework/Math/Scalar/ScalarSubtract.cs
102,102 B,Packages/com.unity.visualscripting/Runtime/VisualScripting.Flow/Framework/Math/Scalar/ScalarPerSecond.cs
102,102 B,Packages/com.unity.visualscripting/Runtime/VisualScripting.Flow/Framework/Math/Scalar/ScalarNormalize.cs
102,102 B,Packages/com.unity.visualscripting/Runtime/VisualScripting.Flow/Framework/Math/Scalar/ScalarMultiply.cs
102,102 B,Packages/com.unity.visualscripting/Runtime/VisualScripting.Flow/Framework/Math/Scalar/ScalarMinimum.cs
102,102 B,Packages/com.unity.visualscripting/Runtime/VisualScripting.Flow/Framework/Math/Scalar/ScalarMaximum.cs
102,102 B,Packages/com.unity.visualscripting/Runtime/VisualScripting.Flow/Framework/Math/Scalar/ScalarAverage.cs
102,102 B,Packages/com.unity.visualscripting/Runtime/VisualScripting.Flow/Framework/Math/Scalar/ScalarAbsolute.cs
102,102 B,Packages/com.unity.visualscripting/Runtime/VisualScripting.Flow/Framework/Math/Generic/GenericSubtract.cs
102,102 B,Packages/com.unity.visualscripting/Runtime/VisualScripting.Flow/Framework/Math/Generic/GenericMultiply.cs
102,102 B,Packages/com.unity.visualscripting/Runtime/VisualScripting.Flow/Framework/Math/Generic/GenericModulo.cs
102,102 B,Packages/com.unity.visualscripting/Runtime/VisualScripting.Flow/Framework/Math/Generic/GenericDivide.cs
102,102 B,Packages/com.unity.visualscripting/Runtime/VisualScripting.Flow/Framework/Logic/GreaterOrEqual.cs
102,102 B,Packages/com.unity.visualscripting/Runtime/VisualScripting.Flow/Framework/Graph/SetScriptGraph.cs
102,102 B,Packages/com.unity.visualscripting/Runtime/VisualScripting.Flow/Framework/Graph/HasScriptGraph.cs
102,102 B,Packages/com.unity.visualscripting/Runtime/VisualScripting.Flow/Framework/Graph/GetScriptGraphs.cs
102,102 B,Packages/com.unity.visualscripting/Runtime/VisualScripting.Flow/Framework/Graph/GetScriptGraph.cs
102,102 B,Packages/com.unity.visualscripting/Runtime/VisualScripting.Flow/Framework/Events/Time/OnTimerElapsed.cs
102,102 B,Packages/com.unity.visualscripting/Runtime/VisualScripting.Flow/Framework/Events/Rendering/OnBecameVisible.cs
102,102 B,Packages/com.unity.visualscripting/Runtime/VisualScripting.Flow/Framework/Events/Physics2D/OnTriggerStay2D.cs
102,102 B,Packages/com.unity.visualscripting/Runtime/VisualScripting.Flow/Framework/Events/Physics2D/OnTriggerExit2D.cs
102,102 B,Packages/com.unity.visualscripting/Runtime/VisualScripting.Flow/Framework/Events/Physics2D/OnTriggerEnter2D.cs
102,102 B,Packages/com.unity.visualscripting/Runtime/VisualScripting.Flow/Framework/Events/Physics2D/OnJointBreak2D.cs
102,102 B,Packages/com.unity.visualscripting/Runtime/VisualScripting.Flow/Framework/Events/Physics/TriggerEventUnit.cs
102,102 B,Packages/com.unity.visualscripting/Runtime/VisualScripting.Flow/Framework/Events/Physics/OnTriggerStay.cs
102,102 B,Packages/com.unity.visualscripting/Runtime/VisualScripting.Flow/Framework/Events/Physics/OnTriggerExit.cs
102,102 B,Packages/com.unity.visualscripting/Runtime/VisualScripting.Flow/Framework/Events/Physics/OnTriggerEnter.cs
102,102 B,Packages/com.unity.visualscripting/Runtime/VisualScripting.Flow/Framework/Events/Physics/OnCollisionStay.cs
102,102 B,Packages/com.unity.visualscripting/Runtime/VisualScripting.Flow/Framework/Events/Physics/OnCollisionExit.cs
102,102 B,Packages/com.unity.visualscripting/Runtime/VisualScripting.Flow/Framework/Events/Physics/OnCollisionEnter.cs
102,102 B,Packages/com.unity.visualscripting/Runtime/VisualScripting.Flow/Framework/Events/Input/OnKeyboardInput.cs
102,102 B,Packages/com.unity.visualscripting/Runtime/VisualScripting.Flow/Framework/Events/Input/OnButtonInput.cs
102,102 B,Packages/com.unity.visualscripting/Runtime/VisualScripting.Flow/Framework/Events/Input/IMouseEventUnit.cs
102,102 B,Packages/com.unity.visualscripting/Runtime/VisualScripting.Flow/Framework/Events/GUI/PointerEventUnit.cs
102,102 B,Packages/com.unity.visualscripting/Runtime/VisualScripting.Flow/Framework/Events/GUI/OnPointerExit.cs
102,102 B,Packages/com.unity.visualscripting/Runtime/VisualScripting.Flow/Framework/Events/GUI/OnPointerEnter.cs
102,102 B,Packages/com.unity.visualscripting/Runtime/VisualScripting.Flow/Framework/Events/GUI/OnPointerDown.cs
102,102 B,Packages/com.unity.visualscripting/Runtime/VisualScripting.Flow/Framework/Events/GUI/OnPointerClick.cs
102,102 B,Packages/com.unity.visualscripting/Runtime/VisualScripting.Flow/Framework/Events/GUI/OnButtonClick.cs
102,102 B,Packages/com.unity.visualscripting/Runtime/VisualScripting.Flow/Framework/Events/CustomEventArgs.cs
102,102 B,Packages/com.unity.visualscripting/Runtime/VisualScripting.Flow/Framework/Events/BoltUnityEvent.cs
102,102 B,Packages/com.unity.visualscripting/Runtime/VisualScripting.Flow/Framework/Events/Animation/OnAnimatorMove.cs
102,102 B,Packages/com.unity.visualscripting/Runtime/VisualScripting.Flow/Framework/Control/SwitchOnString.cs
102,102 B,Packages/com.unity.visualscripting/Runtime/VisualScripting.Flow/Framework/Control/SwitchOnInteger.cs
102,102 B,Packages/com.unity.visualscripting/Runtime/VisualScripting.Flow/Framework/Control/SelectOnString.cs
102,102 B,Packages/com.unity.visualscripting/Runtime/VisualScripting.Flow/Framework/Control/SelectOnInteger.cs
102,102 B,Packages/com.unity.visualscripting/Runtime/VisualScripting.Flow/Framework/Collections/Lists/RemoveListItemAt.cs
102,102 B,Packages/com.unity.visualscripting/Runtime/VisualScripting.Flow/Framework/Collections/Lists/RemoveListItem.cs
102,102 B,Packages/com.unity.visualscripting/Runtime/VisualScripting.Flow/Framework/Collections/Lists/ListContainsItem.cs
102,102 B,Packages/com.unity.visualscripting/Runtime/VisualScripting.Flow/Framework/Collections/Lists/InsertListItem.cs
102,102 B,Packages/com.unity.visualscripting/Runtime/VisualScripting.Flow/Framework/Collections/Dictionaries/CreateDictionary.cs
102,102 B,Packages/com.unity.visualscripting/Runtime/VisualScripting.Flow/Framework/Collections/Dictionaries/ClearDictionary.cs
102,102 B,Packages/com.unity.visualscripting/Runtime/VisualScripting.Flow/FlowGraphData.cs
102,102 B,Packages/com.unity.visualscripting/Runtime/VisualScripting.Flow/EditorBinding/PortKeyAttribute.cs
102,102 B,Packages/com.unity.visualscripting/Runtime/VisualScripting.Flow/Connections/ValueConnection.cs
102,102 B,Packages/com.unity.visualscripting/Runtime/VisualScripting.Flow/Connections/IUnitRelation.cs
102,102 B,Packages/com.unity.visualscripting/Runtime/VisualScripting.Flow/Connections/IUnitConnection.cs
102,102 B,Packages/com.unity.visualscripting/Runtime/VisualScripting.Core/Variables/VariablesSaver.cs
102,102 B,Packages/com.unity.visualscripting/Runtime/VisualScripting.Core/Variables/VariablesAsset.cs
102,102 B,Packages/com.unity.visualscripting/Runtime/VisualScripting.Core/Variables/SceneVariables.cs
102,102 B,Packages/com.unity.visualscripting/Runtime/VisualScripting.Core/Variables/SavedVariables.cs
102,102 B,Packages/com.unity.visualscripting/Runtime/VisualScripting.Core/Variables/ObjectVariables.cs
102,102 B,Packages/com.unity.visualscripting/Runtime/VisualScripting.Core/Utilities/StringUtility.cs
102,102 B,Packages/com.unity.visualscripting/Runtime/VisualScripting.Core/Utilities/IInitializable.cs
102,102 B,Packages/com.unity.visualscripting/Runtime/VisualScripting.Core/Utilities/IIdentifiable.cs
102,102 B,Packages/com.unity.visualscripting/Runtime/VisualScripting.Core/Utilities/ExceptionUtility.cs
102,102 B,Packages/com.unity.visualscripting/Runtime/VisualScripting.Core/Utilities/CoroutineRunner.cs
102,102 B,Packages/com.unity.visualscripting/Runtime/VisualScripting.Core/Unity/LudiqBehaviour.cs
102,102 B,Packages/com.unity.visualscripting/Runtime/VisualScripting.Core/Serialization/Serialization.cs
102,102 B,Packages/com.unity.visualscripting/Runtime/VisualScripting.Core/Serialization/SerializableType.cs
102,102 B,Packages/com.unity.visualscripting/Runtime/VisualScripting.Core/Serialization/DictionaryAsset.cs
102,102 B,Packages/com.unity.visualscripting/Runtime/VisualScripting.Core/Serialization/Converters/Ray2DConverter.cs
102,102 B,Packages/com.unity.visualscripting/Runtime/VisualScripting.Core/Reflection/RuntimeCodebase.cs
102,102 B,Packages/com.unity.visualscripting/Runtime/VisualScripting.Core/Reflection/Operators/OperatorUtility.cs
102,102 B,Packages/com.unity.visualscripting/Runtime/VisualScripting.Core/Reflection/Operators/OperatorHandler.cs
102,102 B,Packages/com.unity.visualscripting/Runtime/VisualScripting.Core/Reflection/Operators/ModuloHandler.cs
102,102 B,Packages/com.unity.visualscripting/Runtime/VisualScripting.Core/Reflection/Operators/LessThanHandler.cs
102,102 B,Packages/com.unity.visualscripting/Runtime/VisualScripting.Core/Reflection/Operators/LeftShiftHandler.cs
102,102 B,Packages/com.unity.visualscripting/Runtime/VisualScripting.Core/Reflection/Operators/IncrementHandler.cs
102,102 B,Packages/com.unity.visualscripting/Runtime/VisualScripting.Core/Reflection/Operators/EqualityHandler.cs
102,102 B,Packages/com.unity.visualscripting/Runtime/VisualScripting.Core/Reflection/Operators/DivisionHandler.cs
102,102 B,Packages/com.unity.visualscripting/Runtime/VisualScripting.Core/Reflection/Operators/DecrementHandler.cs
102,102 B,Packages/com.unity.visualscripting/Runtime/VisualScripting.Core/Reflection/Operators/AdditionHandler.cs
102,102 B,Packages/com.unity.visualscripting/Runtime/VisualScripting.Core/Reflection/MemberUtility.cs
102,102 B,Packages/com.unity.visualscripting/Runtime/VisualScripting.Core/Reflection/AttributeUtility.cs
102,102 B,Packages/com.unity.visualscripting/Runtime/VisualScripting.Core/Profiling/ProfilingUtility.cs
102,102 B,Packages/com.unity.visualscripting/Runtime/VisualScripting.Core/Profiling/ProfilingScope.cs
102,102 B,Packages/com.unity.visualscripting/Runtime/VisualScripting.Core/Profiling/ProfiledSegment.cs
102,102 B,Packages/com.unity.visualscripting/Runtime/VisualScripting.Core/Platforms/PlatformUtility.cs
102,102 B,Packages/com.unity.visualscripting/Runtime/VisualScripting.Core/Platforms/IAotStubbable.cs
102,102 B,Packages/com.unity.visualscripting/Runtime/VisualScripting.Core/Listeners/MessageListener.cs
102,102 B,Packages/com.unity.visualscripting/Runtime/VisualScripting.Core/Graphs/IGraphElement.cs
102,102 B,Packages/com.unity.visualscripting/Runtime/VisualScripting.Core/Graphs/IGraphDebugData.cs
102,102 B,Packages/com.unity.visualscripting/Runtime/VisualScripting.Core/Graphs/GraphReference.cs
102,102 B,Packages/com.unity.visualscripting/Runtime/VisualScripting.Core/Graphs/GraphInstances.cs
102,102 B,Packages/com.unity.visualscripting/Runtime/VisualScripting.Core/Graphs/GraphDebugData.cs
102,102 B,Packages/com.unity.visualscripting/Runtime/VisualScripting.Core/Events/IEventMachine.cs
102,102 B,Packages/com.unity.visualscripting/Runtime/VisualScripting.Core/Events/EmptyEventArgs.cs
102,102 B,Packages/com.unity.visualscripting/Runtime/VisualScripting.Core/Ensure/EnsureThat.Strings.cs
102,102 B,Packages/com.unity.visualscripting/Runtime/VisualScripting.Core/Ensure/EnsureThat.Objects.cs
102,102 B,Packages/com.unity.visualscripting/Runtime/VisualScripting.Core/Ensure/EnsureThat.Booleans.cs
102,102 B,Packages/com.unity.visualscripting/Runtime/VisualScripting.Core/EditorBinding/TypeSetAttribute.cs
102,102 B,Packages/com.unity.visualscripting/Runtime/VisualScripting.Core/Decorators/ValueAttribute.cs
102,102 B,Packages/com.unity.visualscripting/Runtime/VisualScripting.Core/Collections/AotDictionary.cs
102,102 B,Packages/com.unity.visualscripting/Runtime/VisualScripting.Core/Cloning/ISpecifiesCloner.cs
102,102 B,Packages/com.unity.visualscripting/Runtime/VisualScripting.Core/Cloning/CloningContext.cs
102,102 B,Packages/com.unity.visualscripting/Runtime/VisualScripting.Core/Cloning/Cloners/ReflectedCloner.cs
102,102 B,Packages/com.unity.visualscripting/Runtime/VisualScripting.Core/Cloning/Cloners/GradientCloner.cs
102,102 B,Packages/com.unity.visualscripting/Runtime/VisualScripting.Core/Cloning/Cloners/EnumerableCloner.cs
102,102 B,Packages/com.unity.visualscripting/Runtime/VisualScripting.Core/Cloning/Cloners/DictionaryCloner.cs
102,102 B,Packages/com.unity.ugui/Runtime/TMP/TMP_ScrollbarEventHandler.cs
102,102 B,Packages/com.unity.ugui/Runtime/TMP/TMP_PackageResourceImporter.cs
102,102 B,Packages/com.unity.timeline/Runtime/Utilities/TimelineCreateUtilities.cs
102,102 B,Packages/com.unity.timeline/Runtime/Utilities/TimelineClipExtensions.cs
102,102 B,Packages/com.unity.timeline/Runtime/Utilities/NotificationUtilities.cs
102,102 B,Packages/com.unity.timeline/Runtime/Playables/PrefabControlPlayable.cs
102,102 B,Packages/com.unity.timeline/Runtime/Playables/ParticleControlPlayable.cs
102,102 B,Packages/com.unity.timeline/Runtime/Playables/DirectorControlPlayable.cs
102,102 B,Packages/com.unity.timeline/Runtime/Events/Signals/CustomSignalEventDrawer.cs
102,102 B,Packages/com.unity.timeline/Runtime/Attributes/TimelineHelpURLAttribute.cs
102,102 B,Packages/com.unity.timeline/Runtime/Animation/AnimationPlayableAsset.cs
102,102 B,Packages/com.unity.timeline/Runtime/Activation/ActivationPlayableAsset.cs
102,102 B,Packages/com.unity.timeline/Runtime/Activation/ActivationMixerPlayable.cs
102,102 B,Packages/com.unity.splines/Runtime/SplineModificationData.cs
102,102 B,Packages/com.unity.render-pipelines.core/Runtime/Volume/VolumeStack.cs
102,102 B,Packages/com.unity.render-pipelines.core/Runtime/Utilities/TextureCurve.cs
102,102 B,Packages/com.unity.render-pipelines.core/Runtime/Utilities/MeshGizmo.cs
102,102 B,Packages/com.unity.render-pipelines.core/Runtime/Utilities/HashFNV1A32.cs
102,102 B,Packages/com.unity.render-pipelines.core/Runtime/Utilities/HableCurve.cs
102,102 B,Packages/com.unity.render-pipelines.core/Runtime/Utilities/GPUPrefixSum/GPUPrefixSum.cs
102,102 B,Packages/com.unity.render-pipelines.core/Runtime/Utilities/CoreUtils.cs
102,102 B,Packages/com.unity.render-pipelines.core/Runtime/Utilities/ColorUtils.cs
102,102 B,Packages/com.unity.render-pipelines.core/Runtime/Textures/TextureXR.cs
102,102 B,Packages/com.unity.render-pipelines.core/Runtime/Textures/RTHandles.cs
102,102 B,Packages/com.unity.render-pipelines.core/Runtime/Stripping/IStripper.cs
102,102 B,Packages/com.unity.render-pipelines.core/Runtime/ShaderLibrary/Sampling/Hammersley.cs
102,102 B,Packages/com.unity.render-pipelines.core/Runtime/Lighting/ProbeVolume/ProbeVolume.cs
102,102 B,Packages/com.unity.render-pipelines.core/Runtime/GPUDriven/FrustumPlanes.cs
102,102 B,Packages/com.unity.render-pipelines.core/Runtime/Debugging/Prefabs/Scripts/UIFoldout.cs
102,102 B,Packages/com.unity.render-pipelines.core/Runtime/Debugging/DebugUpdater.cs
102,102 B,Packages/com.unity.render-pipelines.core/Runtime/Debugging/DebugUI.Panel.cs
102,102 B,Packages/com.unity.render-pipelines.core/Runtime/Debugging/DebugUI.Fields.cs
102,102 B,Packages/com.unity.render-pipelines.core/Runtime/Debugging/DebugShapes.cs
102,102 B,Packages/com.unity.render-pipelines.core/Runtime/Debugging/DebugOverlay.cs
102,102 B,Packages/com.unity.render-pipelines.core/Runtime/Debugging/DebugManager.cs
102,102 B,Packages/com.unity.render-pipelines.core/Runtime/Camera/FreeCamera.cs
102,102 B,Packages/com.unity.probuilder/Runtime/MeshOperations/UV/TextureStitching.cs
102,102 B,Packages/com.unity.probuilder/Runtime/Core/ProGridsIgnoreSnap.cs
102,102 B,Packages/com.unity.probuilder/External/Poly2Tri/Triangulation/Delaunay/Sweep/DTSweepBasin.cs
102,102 B,Packages/com.unity.probuilder/External/Poly2Tri/Polygon/PolygonSet.cs
102,102 B,Packages/com.unity.probuilder/External/Poly2Tri/Polygon/PolygonPoint.cs
102,102 B,Packages/com.unity.probuilder/External/KdTree/KdTreeLib/Math/FloatMath.cs
102,102 B,Packages/com.unity.probuilder/External/KdTree/KdTreeLib/Math/DoubleMath.cs
102,102 B,Packages/com.unity.probuilder/External/KdTree/KdTreeLib/KdTree.cs
102,102 B,Packages/com.unity.mathematics/Unity.Mathematics/PropertyAttributes.cs
102,102 B,Packages/com.unity.inputsystem/InputSystem/State/InputStateBlock.cs
102,102 B,Packages/com.unity.inputsystem/InputSystem/Plugins/iOS/iOSPostProcessBuild.cs
102,102 B,Packages/com.unity.inputsystem/InputSystem/Plugins/XInput/XInputSupport.cs
102,102 B,Packages/com.unity.inputsystem/InputSystem/Plugins/XInput/XInputController.cs
102,102 B,Packages/com.unity.inputsystem/InputSystem/Plugins/XInput/IXboxOneRumble.cs
102,102 B,Packages/com.unity.inputsystem/InputSystem/Plugins/WebGL/WebGLJoystick.cs
102,102 B,Packages/com.unity.inputsystem/InputSystem/Plugins/UnityRemote/UnityRemoteSupport.cs
102,102 B,Packages/com.unity.inputsystem/InputSystem/Plugins/Switch/SwitchSupportHID.cs
102,102 B,Packages/com.unity.inputsystem/InputSystem/Plugins/PlayerInput/PlayerInputManager.cs
102,102 B,Packages/com.unity.inputsystem/InputSystem/Plugins/PlayerInput/DefaultInputActions.cs
102,102 B,Packages/com.unity.inputsystem/InputSystem/Plugins/OnScreen/OnScreenSupport.cs
102,102 B,Packages/com.unity.inputsystem/InputSystem/Plugins/OnScreen/OnScreenStick.cs
102,102 B,Packages/com.unity.inputsystem/InputSystem/Plugins/OnScreen/OnScreenControl.cs
102,102 B,Packages/com.unity.inputsystem/InputSystem/Plugins/OnScreen/OnScreenButton.cs
102,102 B,Packages/com.unity.inputsystem/InputSystem/Plugins/Linux/SDLDeviceBuilder.cs
102,102 B,Packages/com.unity.inputsystem/InputSystem/Plugins/EnhancedTouch/TouchHistory.cs
102,102 B,Packages/com.unity.inputsystem/InputSystem/Plugins/Android/AndroidSupport.cs
102,102 B,Packages/com.unity.inputsystem/InputSystem/InputSystemObject.cs
102,102 B,Packages/com.unity.inputsystem/InputSystem/InputManagerStateMonitors.cs
102,102 B,Packages/com.unity.inputsystem/InputSystem/InputFeatureNames.cs
102,102 B,Packages/com.unity.inputsystem/InputSystem/IInputRuntime.cs
102,102 B,Packages/com.unity.inputsystem/InputSystem/IInputDiagnostics.cs
102,102 B,Packages/com.unity.inputsystem/InputSystem/Events/InputEventTrace.cs
102,102 B,Packages/com.unity.inputsystem/InputSystem/Events/InputEventStream.cs
102,102 B,Packages/com.unity.inputsystem/InputSystem/Events/InputEventPtr.cs
102,102 B,Packages/com.unity.inputsystem/InputSystem/Events/InputEventBuffer.cs
102,102 B,Packages/com.unity.inputsystem/InputSystem/Events/DeviceResetEvent.cs
102,102 B,Packages/com.unity.inputsystem/InputSystem/Events/DeltaStateEvent.cs
102,102 B,Packages/com.unity.inputsystem/InputSystem/Editor/UITKAssetEditor/Views/PropertiesView.cs
102,102 B,Packages/com.unity.inputsystem/InputSystem/Editor/UITKAssetEditor/Views/DropManipulator.cs
102,102 B,Packages/com.unity.inputsystem/InputSystem/Editor/UITKAssetEditor/Views/CopyPasteHelper.cs
102,102 B,Packages/com.unity.inputsystem/InputSystem/Editor/UITKAssetEditor/Views/ActionsTreeView.cs
102,102 B,Packages/com.unity.inputsystem/InputSystem/Editor/UITKAssetEditor/Views/ActionMapsView.cs
102,102 B,Packages/com.unity.inputsystem/InputSystem/Editor/UITKAssetEditor/StateContainer.cs
102,102 B,Packages/com.unity.inputsystem/InputSystem/Editor/UITKAssetEditor/ExpressionUtils.cs
102,102 B,Packages/com.unity.inputsystem/InputSystem/Editor/Internal/TreeViewHelpers.cs
102,102 B,Packages/com.unity.inputsystem/InputSystem/Editor/Internal/InputStateWindow.cs
102,102 B,Packages/com.unity.inputsystem/InputSystem/Editor/Internal/EditorHelpers.cs
102,102 B,Packages/com.unity.inputsystem/InputSystem/Editor/Internal/AdvancedDropdown/AdvancedDropdown.cs
102,102 B,Packages/com.unity.inputsystem/InputSystem/Editor/InputDiagnostics.cs
102,102 B,Packages/com.unity.inputsystem/InputSystem/Devices/Haptics/IDualMotorRumble.cs
102,102 B,Packages/com.unity.inputsystem/InputSystem/Devices/Haptics/DualMotorRumble.cs
102,102 B,Packages/com.unity.inputsystem/InputSystem/Controls/Vector3Control.cs
102,102 B,Packages/com.unity.inputsystem/InputSystem/Controls/Vector2Control.cs
102,102 B,Packages/com.unity.inputsystem/InputSystem/Controls/IntegerControl.cs
102,102 B,Packages/com.unity.inputsystem/InputSystem/Controls/DoubleControl.cs
102,102 B,Packages/com.unity.inputsystem/InputSystem/Controls/ButtonControl.cs
102,102 B,Packages/com.unity.inputsystem/InputSystem/Controls/AnyKeyControl.cs
102,102 B,Packages/com.unity.inputsystem/InputSystem/Actions/InputControlScheme.cs
102,102 B,Packages/com.unity.inputsystem/InputSystem/Actions/InputBindingResolver.cs
102,102 B,Packages/com.unity.inputsystem/InputSystem/Actions/InputActionReference.cs
102,102 B,Packages/com.unity.inputsystem/InputSystem/Actions/InputActionProperty.cs
102,102 B,Packages/com.unity.inputsystem/InputSystem/Actions/IInputInteraction.cs
102,102 B,Packages/com.unity.collections/Unity.Collections/UnsafeList.cs
102,102 B,Packages/com.unity.collections/Unity.Collections/FixedStringParseMethods.cs
102,102 B,Packages/com.unity.collections/Unity.Collections/FixedStringAppendMethods.cs
102,102 B,Packages/com.unity.cinemachine/Runtime/Core/TargetTracking.cs
102,102 B,Packages/com.unity.cinemachine/Runtime/Core/InputAxisControllerBase.cs
102,102 B,Packages/com.unity.visualscripting/Runtime/VisualScripting.Core/Ensure/EnsureThat.Types.cs
102,102 B,Packages/com.unity.visualscripting/Runtime/VisualScripting.Core/Ensure/EnsureThat.Guids.cs
102,102 B,Packages/com.unity.visualscripting/Runtime/VisualScripting.Core/Dependencies/FullSerializer/fsResult.cs
102,102 B,Packages/com.unity.visualscripting/Runtime/VisualScripting.Core/Dependencies/FullSerializer/fsData.cs
102,102 B,Packages/com.unity.visualscripting/Runtime/VisualScripting.Core/Dependencies/FullSerializer/fsConfig.cs
102,102 B,Packages/com.unity.ugui/Runtime/UGUI/UI/Core/Utility/ReflectionMethodsCache.cs
102,102 B,Packages/com.unity.ugui/Runtime/UGUI/UI/Core/MultipleDisplayUtilities.cs
102,102 B,Packages/com.unity.ugui/Runtime/UGUI/UI/Core/Layout/HorizontalLayoutGroup.cs
102,102 B,Packages/com.unity.ugui/Runtime/UGUI/UI/Core/IGraphicEnabledDisabled.cs
102,102 B,Packages/com.unity.ugui/Runtime/UGUI/UI/Core/GraphicRebuildTracker.cs
102,102 B,Packages/com.unity.ugui/Runtime/UGUI/UI/Core/Culling/RectangularVertexClipper.cs
102,102 B,Packages/com.unity.ugui/Runtime/UGUI/EventSystem/UIElements/PanelEventHandler.cs
102,102 B,Packages/com.unity.ugui/Runtime/UGUI/EventSystem/Raycasters/Physics2DRaycaster.cs
102,102 B,Packages/com.unity.ugui/Runtime/UGUI/EventSystem/InputModules/PointerInputModule.cs
102,102 B,Packages/com.unity.timeline/Runtime/TimelineAttributes.cs
102,102 B,Packages/com.unity.timeline/Runtime/Playables/BasicScriptPlayable.cs
102,102 B,Packages/com.unity.splines/Runtime/Interpolators.cs
102,102 B,Packages/com.unity.rendering.light-transport/Runtime/UnifiedRayTracing/Compute/RadeonRays/Scan.cs
102,102 B,Packages/com.unity.render-pipelines.core/ShaderLibrary/DummyShaderLibrary.cs
102,102 B,Packages/com.unity.render-pipelines.core/Runtime/Utilities/GPUSort/GPUSort.Data.cs
102,102 B,Packages/com.unity.render-pipelines.core/Runtime/Utilities/BitArray.cs
102,102 B,Packages/com.unity.render-pipelines.core/Runtime/Inputs/InputRegistering.cs
102,102 B,Packages/com.unity.probuilder/Runtime/Shapes/ProBuilderShape.cs
102,102 B,Packages/com.unity.probuilder/Runtime/MeshOperations/UV/UVEditing.cs
102,102 B,Packages/com.unity.probuilder/Runtime/MeshOperations/Subdivision.cs
102,102 B,Packages/com.unity.probuilder/Runtime/MeshOperations/QuadUtility.cs
102,102 B,Packages/com.unity.probuilder/Runtime/MeshOperations/MeshImporter.cs
102,102 B,Packages/com.unity.probuilder/Runtime/Core/WingedEdgeEnumerator.cs
102,102 B,Packages/com.unity.probuilder/Runtime/Core/VertexPositioning.cs
102,102 B,Packages/com.unity.probuilder/Runtime/Core/SelectionPickerSettings.cs
102,102 B,Packages/com.unity.probuilder/Runtime/Core/ProBuilderSnapping.cs
102,102 B,Packages/com.unity.probuilder/Runtime/Core/PreferenceDictionary.cs
102,102 B,Packages/com.unity.probuilder/Runtime/Core/HandleConstraint2D.cs
102,102 B,Packages/com.unity.probuilder/Runtime/Core/ColliderBehaviour.cs
102,102 B,Packages/com.unity.probuilder/Runtime/Core/AutoUnwrapSettings.cs
102,102 B,Packages/com.unity.probuilder/External/StlExporter/Code/pb_Stl_Importer.cs
102,102 B,Packages/com.unity.probuilder/External/StlExporter/Code/pb_Stl_Exporter.cs
102,102 B,Packages/com.unity.probuilder/External/CSG/Classes/VertexUtility.cs
102,102 B,Packages/com.unity.inputsystem/InputSystem/Utilities/TypeTable.cs
102,102 B,Packages/com.unity.inputsystem/InputSystem/Utilities/TypeHelpers.cs
102,102 B,Packages/com.unity.inputsystem/InputSystem/Utilities/Substring.cs
102,102 B,Packages/com.unity.inputsystem/InputSystem/Utilities/SavedState.cs
102,102 B,Packages/com.unity.inputsystem/InputSystem/Utilities/Observables/Observable.cs
102,102 B,Packages/com.unity.inputsystem/InputSystem/Utilities/NamedValue.cs
102,102 B,Packages/com.unity.inputsystem/InputSystem/Utilities/MiscHelpers.cs
102,102 B,Packages/com.unity.inputsystem/InputSystem/Utilities/JsonParser.cs
102,102 B,Packages/com.unity.inputsystem/InputSystem/Utilities/ArrayHelpers.cs
102,102 B,Packages/com.unity.inputsystem/InputSystem/Plugins/iOS/InputSettingsiOS.cs
102,102 B,Packages/com.unity.inputsystem/InputSystem/Plugins/XR/XRLayoutBuilder.cs
102,102 B,Packages/com.unity.inputsystem/InputSystem/Plugins/UI/NavigationModel.cs
102,102 B,Packages/com.unity.inputsystem/InputSystem/InputUpdateType.cs
102,102 B,Packages/com.unity.collections/Unity.Collections/UnsafeText.cs
102,102 B,Packages/com.unity.collections/Unity.Collections/UnsafeStream.cs
102,102 B,Packages/com.unity.collections/Unity.Collections/RewindableAllocator.cs
102,102 B,Packages/com.unity.collections/Unity.Collections/FixedStringMethods.cs
102,102 B,Packages/com.unity.collections/Unity.Collections/AutoFreeAllocator.cs
102,102 B,Packages/com.unity.cinemachine/Runtime/PostProcessing/CinemachineAutoFocus.cs
102,102 B,Packages/com.unity.cinemachine/Runtime/Deprecated/LegacyLensSettings.cs
102,102 B,Packages/com.unity.cinemachine/Runtime/Deprecated/CinemachinePipeline.cs
102,102 B,Packages/com.unity.cinemachine/Runtime/Deprecated/CinemachinePathBase.cs
102,102 B,Packages/com.unity.cinemachine/Runtime/Deprecated/CinemachineFreeLook.cs
102,102 B,Packages/com.unity.cinemachine/Runtime/Deprecated/CinemachineDollyCart.cs
102,102 B,Packages/com.unity.cinemachine/Runtime/Deprecated/CinemachineConfiner.cs
102,102 B,Packages/com.unity.cinemachine/Runtime/Deprecated/CinemachineComposer.cs
102,102 B,Packages/com.unity.cinemachine/Runtime/Deprecated/CinemachineCollider.cs
102,102 B,Packages/com.unity.cinemachine/Runtime/Core/TargetPositionCache.cs
102,102 B,Packages/com.unity.cinemachine/Runtime/Core/SignalSourceAsset.cs
102,102 B,Packages/com.unity.cinemachine/Runtime/Core/LookaheadSettings.cs
102,102 B,Packages/com.unity.cinemachine/Runtime/Core/ICinemachineCamera.cs
102,102 B,Packages/com.unity.cinemachine/Runtime/Core/CinemachineExtension.cs
102,102 B,Packages/com.unity.cinemachine/Runtime/Core/CameraUpdateManager.cs
102,102 B,Packages/com.unity.cinemachine/Runtime/Components/CinemachinePanTilt.cs
102,102 B,Packages/com.unity.cinemachine/Runtime/Components/CinemachineFollow.cs
102,102 B,Packages/com.unity.cinemachine/Runtime/Behaviours/CinemachineClearShot.cs
102,102 B,Packages/com.unity.cinemachine/Runtime/Behaviours/CinemachineCamera.cs
102,102 B,Packages/com.unity.burst/Runtime/CompilerServices/AssumeRangeAttribute.cs
102,102 B,Assets/fireAttackEffects/scripts/InstantiateScript.cs
102,102 B,Packages/com.unity.visualscripting/Runtime/VisualScripting.State/SuperState.cs
102,102 B,Packages/com.unity.visualscripting/Runtime/VisualScripting.State/StateUnit.cs
102,102 B,Packages/com.unity.visualscripting/Runtime/VisualScripting.State/StateMachine.cs
102,102 B,Packages/com.unity.visualscripting/Runtime/VisualScripting.State/StateGraph.cs
102,102 B,Packages/com.unity.visualscripting/Runtime/VisualScripting.State/OnExitState.cs
102,102 B,Packages/com.unity.visualscripting/Runtime/VisualScripting.State/OnEnterState.cs
102,102 B,Packages/com.unity.visualscripting/Runtime/VisualScripting.State/INesterState.cs
102,102 B,Packages/com.unity.visualscripting/Runtime/VisualScripting.State/FlowState.cs
102,102 B,Packages/com.unity.visualscripting/Runtime/VisualScripting.Flow/UnitCategory.cs
102,102 B,Packages/com.unity.visualscripting/Runtime/VisualScripting.Flow/SubgraphUnit.cs
102,102 B,Packages/com.unity.visualscripting/Runtime/VisualScripting.Flow/Ports/ValueOutput.cs
102,102 B,Packages/com.unity.visualscripting/Runtime/VisualScripting.Flow/Ports/ValueInput.cs
102,102 B,Packages/com.unity.visualscripting/Runtime/VisualScripting.Flow/Ports/InvalidInput.cs
102,102 B,Packages/com.unity.visualscripting/Runtime/VisualScripting.Flow/Ports/IUnitPort.cs
102,102 B,Packages/com.unity.visualscripting/Runtime/VisualScripting.Flow/Ports/ControlInput.cs
102,102 B,Packages/com.unity.visualscripting/Runtime/VisualScripting.Flow/INesterUnit.cs
102,102 B,Packages/com.unity.visualscripting/Runtime/VisualScripting.Flow/Framework/Variables/SetVariable.cs
102,102 B,Packages/com.unity.visualscripting/Runtime/VisualScripting.Flow/Framework/Variables/Obsolete/VariableUnit.cs
102,102 B,Packages/com.unity.visualscripting/Runtime/VisualScripting.Flow/Framework/Variables/GetVariable.cs
102,102 B,Packages/com.unity.visualscripting/Runtime/VisualScripting.Flow/Framework/Time/WaitForFlow.cs
102,102 B,Packages/com.unity.visualscripting/Runtime/VisualScripting.Flow/Framework/Nulls/NullCoalesce.cs
102,102 B,Packages/com.unity.visualscripting/Runtime/VisualScripting.Flow/Framework/Nulls/NullCheck.cs
102,102 B,Packages/com.unity.visualscripting/Runtime/VisualScripting.Flow/Framework/Nesting/GraphOutput.cs
102,102 B,Packages/com.unity.visualscripting/Runtime/VisualScripting.Flow/Framework/Nesting/GraphInput.cs
102,102 B,Packages/com.unity.visualscripting/Runtime/VisualScripting.Flow/Framework/MissingType.cs
102,102 B,Packages/com.unity.visualscripting/Runtime/VisualScripting.Flow/Framework/Math/Vector4/Vector4Sum.cs
102,102 B,Packages/com.unity.visualscripting/Runtime/VisualScripting.Flow/Framework/Math/Vector4/Vector4Round.cs
102,102 B,Packages/com.unity.visualscripting/Runtime/VisualScripting.Flow/Framework/Math/Vector4/Vector4Lerp.cs
102,102 B,Packages/com.unity.visualscripting/Runtime/VisualScripting.Flow/Framework/Math/Vector3/Vector3Sum.cs
102,102 B,Packages/com.unity.visualscripting/Runtime/VisualScripting.Flow/Framework/Math/Vector3/Vector3Round.cs
102,102 B,Packages/com.unity.visualscripting/Runtime/VisualScripting.Flow/Framework/Math/Vector3/Vector3Lerp.cs
102,102 B,Packages/com.unity.visualscripting/Runtime/VisualScripting.Flow/Framework/Math/Vector3/Vector3Angle.cs
102,102 B,Packages/com.unity.visualscripting/Runtime/VisualScripting.Flow/Framework/Math/Vector2/Vector2Sum.cs
102,102 B,Packages/com.unity.visualscripting/Runtime/VisualScripting.Flow/Framework/Math/Vector2/Vector2Round.cs
102,102 B,Packages/com.unity.visualscripting/Runtime/VisualScripting.Flow/Framework/Math/Vector2/Vector2Lerp.cs
102,102 B,Packages/com.unity.visualscripting/Runtime/VisualScripting.Flow/Framework/Math/Vector2/Vector2Angle.cs
102,102 B,Packages/com.unity.visualscripting/Runtime/VisualScripting.Flow/Framework/Math/Scalar/ScalarSum.cs
102,102 B,Packages/com.unity.visualscripting/Runtime/VisualScripting.Flow/Framework/Math/Scalar/ScalarRound.cs
102,102 B,Packages/com.unity.visualscripting/Runtime/VisualScripting.Flow/Framework/Math/Scalar/ScalarRoot.cs
102,102 B,Packages/com.unity.visualscripting/Runtime/VisualScripting.Flow/Framework/Math/Scalar/ScalarModulo.cs
102,102 B,Packages/com.unity.visualscripting/Runtime/VisualScripting.Flow/Framework/Math/Scalar/ScalarLerp.cs
102,102 B,Packages/com.unity.visualscripting/Runtime/VisualScripting.Flow/Framework/Math/Scalar/ScalarDivide.cs
102,102 B,Packages/com.unity.visualscripting/Runtime/VisualScripting.Flow/Framework/Math/Generic/GenericSum.cs
102,102 B,Packages/com.unity.visualscripting/Runtime/VisualScripting.Flow/Framework/Logic/LessOrEqual.cs
102,102 B,Packages/com.unity.visualscripting/Runtime/VisualScripting.Flow/Framework/Logic/ExclusiveOr.cs
102,102 B,Packages/com.unity.visualscripting/Runtime/VisualScripting.Flow/Framework/Logic/Comparison.cs
102,102 B,Packages/com.unity.visualscripting/Runtime/VisualScripting.Flow/Framework/Events/Physics/OnJointBreak.cs
102,102 B,Packages/com.unity.visualscripting/Runtime/VisualScripting.Flow/Framework/Events/Lifecycle/OnDisable.cs
102,102 B,Packages/com.unity.visualscripting/Runtime/VisualScripting.Flow/Framework/Events/Lifecycle/OnDestroy.cs
102,102 B,Packages/com.unity.visualscripting/Runtime/VisualScripting.Flow/Framework/Events/Lifecycle/LateUpdate.cs
102,102 B,Packages/com.unity.visualscripting/Runtime/VisualScripting.Flow/Framework/Events/Lifecycle/FixedUpdate.cs
102,102 B,Packages/com.unity.visualscripting/Runtime/VisualScripting.Flow/Framework/Events/Input/OnMouseUp.cs
102,102 B,Packages/com.unity.visualscripting/Runtime/VisualScripting.Flow/Framework/Events/Input/OnMouseOver.cs
102,102 B,Packages/com.unity.visualscripting/Runtime/VisualScripting.Flow/Framework/Events/Input/OnMouseInput.cs
102,102 B,Packages/com.unity.visualscripting/Runtime/VisualScripting.Flow/Framework/Events/Input/OnMouseExit.cs
102,102 B,Packages/com.unity.visualscripting/Runtime/VisualScripting.Flow/Framework/Events/Input/OnMouseEnter.cs
102,102 B,Packages/com.unity.visualscripting/Runtime/VisualScripting.Flow/Framework/Events/Input/OnMouseDrag.cs
102,102 B,Packages/com.unity.visualscripting/Runtime/VisualScripting.Flow/Framework/Events/Input/OnMouseDown.cs
102,102 B,Packages/com.unity.visualscripting/Runtime/VisualScripting.Flow/Framework/Events/IEventUnit.cs
102,102 B,Packages/com.unity.visualscripting/Runtime/VisualScripting.Flow/Framework/Events/GUI/OnPointerUp.cs
102,102 B,Packages/com.unity.visualscripting/Runtime/VisualScripting.Flow/Framework/Events/GUI/OnEndDrag.cs
102,102 B,Packages/com.unity.visualscripting/Runtime/VisualScripting.Flow/Framework/Events/GUI/OnDeselect.cs
102,102 B,Packages/com.unity.visualscripting/Runtime/VisualScripting.Flow/Framework/Events/GUI/OnBeginDrag.cs
102,102 B,Packages/com.unity.visualscripting/Runtime/VisualScripting.Flow/Framework/Events/Editor/OnDrawGizmos.cs
102,102 B,Packages/com.unity.visualscripting/Runtime/VisualScripting.Flow/Framework/Events/CustomEvent.cs
102,102 B,Packages/com.unity.visualscripting/Runtime/VisualScripting.Flow/Framework/Events/Animation/OnAnimatorIK.cs
102,102 B,Packages/com.unity.visualscripting/Runtime/VisualScripting.Flow/Framework/Control/ToggleValue.cs
102,102 B,Packages/com.unity.visualscripting/Runtime/VisualScripting.Flow/Framework/Control/ToggleFlow.cs
102,102 B,Packages/com.unity.visualscripting/Runtime/VisualScripting.Flow/Framework/Control/SwitchOnEnum.cs
102,102 B,Packages/com.unity.visualscripting/Runtime/VisualScripting.Flow/Framework/Control/SelectUnit_T.cs
102,102 B,Packages/com.unity.visualscripting/Runtime/VisualScripting.Flow/Framework/Control/SelectUnit.cs
102,102 B,Packages/com.unity.visualscripting/Runtime/VisualScripting.Flow/Framework/Control/SelectOnFlow.cs
102,102 B,Packages/com.unity.visualscripting/Runtime/VisualScripting.Flow/Framework/Control/SelectOnEnum.cs
102,102 B,Packages/com.unity.visualscripting/Runtime/VisualScripting.Flow/Framework/Control/ISelectUnit.cs
102,102 B,Packages/com.unity.visualscripting/Runtime/VisualScripting.Flow/Framework/Control/IBranchUnit.cs
102,102 B,Packages/com.unity.visualscripting/Runtime/VisualScripting.Flow/Framework/Collections/Lists/SetListItem.cs
102,102 B,Packages/com.unity.visualscripting/Runtime/VisualScripting.Flow/Framework/Collections/Lists/MergeLists.cs
102,102 B,Packages/com.unity.visualscripting/Runtime/VisualScripting.Flow/Framework/Collections/Lists/GetListItem.cs
102,102 B,Packages/com.unity.visualscripting/Runtime/VisualScripting.Flow/Framework/Collections/Lists/CreateList.cs
102,102 B,Packages/com.unity.visualscripting/Runtime/VisualScripting.Flow/Framework/Collections/Lists/ClearList.cs
102,102 B,Packages/com.unity.visualscripting/Runtime/VisualScripting.Flow/Framework/Collections/Lists/AddListItem.cs
102,102 B,Packages/com.unity.visualscripting/Runtime/VisualScripting.Flow/Framework/Collections/FirstItem.cs
102,102 B,Packages/com.unity.visualscripting/Runtime/VisualScripting.Flow/Framework/Collections/CountItems.cs
102,102 B,Packages/com.unity.visualscripting/Runtime/VisualScripting.Flow/Framework/Codebase/SetMember.cs
102,102 B,Packages/com.unity.visualscripting/Runtime/VisualScripting.Flow/Framework/Codebase/MemberUnit.cs
102,102 B,Packages/com.unity.visualscripting/Runtime/VisualScripting.Flow/Framework/Codebase/InvokeMember.cs
102,102 B,Packages/com.unity.visualscripting/Runtime/VisualScripting.Flow/Framework/Codebase/GetMember.cs
102,102 B,Packages/com.unity.visualscripting/Runtime/VisualScripting.Flow/Framework/Codebase/CreateStruct.cs
102,102 B,Packages/com.unity.visualscripting/Runtime/VisualScripting.Flow/FlowGraph.cs
102,102 B,Packages/com.unity.visualscripting/Runtime/VisualScripting.Flow/Connections/UnitRelation.cs
102,102 B,Packages/com.unity.visualscripting/Runtime/VisualScripting.Core/Variables/Variables.cs
102,102 B,Packages/com.unity.visualscripting/Runtime/VisualScripting.Core/Utilities/Recursion.cs
102,102 B,Packages/com.unity.visualscripting/Runtime/VisualScripting.Core/Utilities/LinqUtility.cs
102,102 B,Packages/com.unity.visualscripting/Runtime/VisualScripting.Core/Utilities/IGettable.cs
102,102 B,Packages/com.unity.visualscripting/Runtime/VisualScripting.Core/Utilities/HashUtility.cs
102,102 B,Packages/com.unity.visualscripting/Runtime/VisualScripting.Core/Utilities/EnumUtility.cs
102,102 B,Packages/com.unity.visualscripting/Runtime/VisualScripting.Core/Unity/UnityThread.cs
102,102 B,Packages/com.unity.visualscripting/Runtime/VisualScripting.Core/Unity/ISingleton.cs
102,102 B,Packages/com.unity.visualscripting/Runtime/VisualScripting.Core/Unity/IGizmoDrawer.cs
102,102 B,Packages/com.unity.visualscripting/Runtime/VisualScripting.Core/StickyNote/StickyNote.cs
102,102 B,Packages/com.unity.visualscripting/Runtime/VisualScripting.Core/Serialization/Converters/RayConverter.cs
102,102 B,Packages/com.unity.visualscripting/Runtime/VisualScripting.Core/Reflection/TypeUtility.cs
102,102 B,Packages/com.unity.visualscripting/Runtime/VisualScripting.Core/Reflection/TypeFilter.cs
102,102 B,Packages/com.unity.visualscripting/Runtime/VisualScripting.Core/Reflection/Optimization/InvokerBase.cs
102,102 B,Packages/com.unity.visualscripting/Runtime/VisualScripting.Core/Reflection/Operators/PlusHandler.cs
102,102 B,Packages/com.unity.visualscripting/Runtime/VisualScripting.Core/Reflection/Operators/OrHandler.cs
102,102 B,Packages/com.unity.visualscripting/Runtime/VisualScripting.Core/Reflection/Operators/AndHandler.cs
102,102 B,Packages/com.unity.visualscripting/Runtime/VisualScripting.Core/Reflection/Namespace.cs
102,102 B,Packages/com.unity.visualscripting/Runtime/VisualScripting.Core/Reflection/MemberFilter.cs
102,102 B,Packages/com.unity.visualscripting/Runtime/VisualScripting.Core/Reflection/IPrewarmable.cs
102,102 B,Packages/com.unity.visualscripting/Runtime/VisualScripting.Core/Pooling/IPoolable.cs
102,102 B,Packages/com.unity.visualscripting/Runtime/VisualScripting.Core/Groups/GraphGroup.cs
102,102 B,Packages/com.unity.visualscripting/Runtime/VisualScripting.Core/Graphs/IGraphRoot.cs
102,102 B,Packages/com.unity.visualscripting/Runtime/VisualScripting.Core/Graphs/IGraphParent.cs
102,102 B,Packages/com.unity.visualscripting/Runtime/VisualScripting.Core/Graphs/IGraphNester.cs
102,102 B,Packages/com.unity.visualscripting/Runtime/VisualScripting.Core/Graphs/IGraphNest.cs
102,102 B,Packages/com.unity.visualscripting/Runtime/VisualScripting.Core/Graphs/IGraphItem.cs
102,102 B,Packages/com.unity.visualscripting/Runtime/VisualScripting.Core/Graphs/IGraphData.cs
102,102 B,Packages/com.unity.visualscripting/Runtime/VisualScripting.Core/Graphs/GraphStack.cs
102,102 B,Packages/com.unity.visualscripting/Runtime/VisualScripting.Core/Graphs/GraphPointer.cs
102,102 B,Packages/com.unity.visualscripting/Runtime/VisualScripting.Core/Exceptions/DebugUtility.cs
102,102 B,Packages/com.unity.visualscripting/Runtime/VisualScripting.Core/Events/IEventGraph.cs
102,102 B,Packages/com.unity.visualscripting/Runtime/VisualScripting.Core/Events/EventHooks.cs
102,102 B,Packages/com.unity.visualscripting/Runtime/VisualScripting.Core/Events/EventHook.cs
102,102 B,Packages/com.unity.visualscripting/Runtime/VisualScripting.Core/Ensure/Extensions/XComparable.cs
102,102 B,Packages/com.unity.visualscripting/Runtime/VisualScripting.Core/Ensure/EnsureThat.cs
102,102 B,Packages/com.unity.visualscripting/Runtime/VisualScripting.Core/Cloning/Cloners/ListCloner.cs
102,102 B,Packages/com.unity.visualscripting/Runtime/VisualScripting.Core/Cloning/Cloners/FieldsCloner.cs
102,102 B,Packages/com.unity.visualscripting/Runtime/VisualScripting.Core/Cloning/Cloners/ArrayCloner.cs
102,102 B,Packages/com.unity.ugui/Runtime/UGUI/UI/Animation/CoroutineTween.cs
102,102 B,Packages/com.unity.ugui/Runtime/UGUI/EventSystem/EventInterfaces.cs
102,102 B,Packages/com.unity.ugui/Runtime/TMP/TMPro_ExtensionMethods.cs
102,102 B,Packages/com.unity.ugui/Runtime/TMP/TMP_TextParsingUtilities.cs
102,102 B,Packages/com.unity.ugui/Runtime/TMP/TMP_TextElement_Legacy.cs
102,102 B,Packages/com.unity.ugui/Runtime/TMP/TMP_FontAssetUtilities.cs
102,102 B,Packages/com.unity.ugui/Runtime/TMP/MaterialReferenceManager.cs
102,102 B,Packages/com.unity.ugui/Runtime/TMP/FontFeatureCommonGSUB.cs
102,102 B,Packages/com.unity.timeline/Runtime/Utilities/IPropertyCollector.cs
102,102 B,Packages/com.unity.timeline/Runtime/Utilities/AnimatorBindingCache.cs
102,102 B,Packages/com.unity.timeline/Runtime/Playables/TimeControlPlayable.cs
102,102 B,Packages/com.unity.timeline/Runtime/Evaluation/ScheduleRuntimeClip.cs
102,102 B,Packages/com.unity.timeline/Runtime/Evaluation/InfiniteRuntimeClip.cs
102,102 B,Packages/com.unity.timeline/Runtime/Control/ControlPlayableAsset.cs
102,102 B,Packages/com.unity.timeline/Runtime/Audio/AudioPlayableAsset.cs
102,102 B,Packages/com.unity.timeline/Runtime/Audio/AudioMixerProperties.cs
102,102 B,Packages/com.unity.timeline/Runtime/Audio/AudioClipProperties.cs
102,102 B,Packages/com.unity.timeline/Runtime/Attributes/TrackColorAttribute.cs
102,102 B,Packages/com.unity.splines/Runtime/SplineInstantiate.cs
102,102 B,Packages/com.unity.splines/Runtime/PropertyAttributes.cs
102,102 B,Packages/com.unity.splines/Runtime/KnotLinkCollection.cs
102,102 B,Packages/com.unity.splines/Runtime/InterpolatorsUtility.cs
102,102 B,Packages/com.unity.splines/Runtime/EmbeddedSplineData.cs
102,102 B,Packages/com.unity.render-pipelines.universal/Runtime/2D/Shadows/ShadowProvider/VertexDictionary.cs
102,102 B,Packages/com.unity.render-pipelines.core/Runtime/Volume/Volume.cs
102,102 B,Packages/com.unity.render-pipelines.core/Runtime/Volume/IVolume.cs
102,102 B,Packages/com.unity.render-pipelines.core/Runtime/Utilities/GPUSort/GPUSort.cs
102,102 B,Packages/com.unity.render-pipelines.core/Runtime/Utilities/FSRUtils.cs
102,102 B,Packages/com.unity.render-pipelines.core/Runtime/Utilities/Blitter.cs
102,102 B,Packages/com.unity.render-pipelines.core/Runtime/Textures/RTHandle.cs
102,102 B,Packages/com.unity.render-pipelines.core/Runtime/Debugging/DebugUI.cs
102,102 B,Packages/com.unity.probuilder/Runtime/Core/UvAutoManualConversion.cs
102,102 B,Packages/com.unity.probuilder/External/Poly2Tri/Triangulation/Sets/PointSet.cs
102,102 B,Packages/com.unity.probuilder/External/Poly2Tri/Triangulation/Delaunay/Sweep/DTSweep.cs
102,102 B,Packages/com.unity.probuilder/External/Poly2Tri/Polygon/Polygon.cs
102,102 B,Packages/com.unity.inputsystem/InputSystem/Utilities/DynamicBitfield.cs
102,102 B,Packages/com.unity.inputsystem/InputSystem/State/InputState.cs
102,102 B,Packages/com.unity.inputsystem/InputSystem/Plugins/WebGL/WebGLSupport.cs
102,102 B,Packages/com.unity.inputsystem/InputSystem/Plugins/WebGL/WebGLGamepad.cs
102,102 B,Packages/com.unity.inputsystem/InputSystem/Plugins/Users/InputUser.cs
102,102 B,Packages/com.unity.inputsystem/InputSystem/Plugins/Linux/LinuxSupport.cs
102,102 B,Packages/com.unity.inputsystem/InputSystem/Plugins/EnhancedTouch/Touch.cs
102,102 B,Packages/com.unity.inputsystem/InputSystem/Plugins/EnhancedTouch/Finger.cs
102,102 B,Packages/com.unity.inputsystem/InputSystem/InputSettings.cs
102,102 B,Packages/com.unity.inputsystem/InputSystem/InputMetrics.cs
102,102 B,Packages/com.unity.inputsystem/InputSystem/InputExtensions.cs
102,102 B,Packages/com.unity.inputsystem/InputSystem/InputAnalytics.cs
102,102 B,Packages/com.unity.inputsystem/InputSystem/Events/TextEvent.cs
102,102 B,Packages/com.unity.inputsystem/InputSystem/Events/StateEvent.cs
102,102 B,Packages/com.unity.inputsystem/InputSystem/Events/InputEvent.cs
102,102 B,Packages/com.unity.inputsystem/InputSystem/Events/ActionEvent.cs
102,102 B,Packages/com.unity.inputsystem/InputSystem/Editor/UITKAssetEditor/Views/Selectors.cs
102,102 B,Packages/com.unity.inputsystem/InputSystem/Editor/UITKAssetEditor/Views/ContextMenu.cs
102,102 B,Packages/com.unity.inputsystem/InputSystem/Editor/Internal/GUIHelpers.cs
102,102 B,Packages/com.unity.inputsystem/InputSystem/Devices/TrackedDevice.cs
102,102 B,Packages/com.unity.inputsystem/InputSystem/Devices/Remote/InputRemoting.cs
102,102 B,Packages/com.unity.inputsystem/InputSystem/Devices/Precompiled/FastTouchscreen.cs
102,102 B,Packages/com.unity.inputsystem/InputSystem/Devices/Precompiled/FastMouse.partial.cs
102,102 B,Packages/com.unity.inputsystem/InputSystem/Devices/IEventMerger.cs
102,102 B,Packages/com.unity.inputsystem/InputSystem/Controls/TouchControl.cs
102,102 B,Packages/com.unity.inputsystem/InputSystem/Controls/StickControl.cs
102,102 B,Packages/com.unity.inputsystem/InputSystem/Controls/KeyControl.cs
102,102 B,Packages/com.unity.inputsystem/InputSystem/Controls/InputProcessor.cs
102,102 B,Packages/com.unity.inputsystem/InputSystem/Controls/InputControlPath.cs
102,102 B,Packages/com.unity.inputsystem/InputSystem/Controls/DpadControl.cs
102,102 B,Packages/com.unity.inputsystem/InputSystem/Controls/DeltaControl.cs
102,102 B,Packages/com.unity.inputsystem/InputSystem/Controls/AxisControl.cs
102,102 B,Packages/com.unity.inputsystem/InputSystem/Actions/InputActionState.cs
102,102 B,Packages/com.unity.inputsystem/InputSystem/Actions/InputActionMap.cs
102,102 B,Packages/com.unity.inputsystem/InputSystem/Actions/InputActionAsset.cs
102,102 B,Packages/com.unity.collections/Unity.Collections/UnsafeQueue.cs
102,102 B,Packages/com.unity.collections/Unity.Collections/NativeHashMap.cs
102,102 B,Packages/com.unity.collections/Unity.Collections/FixedStringFormat.gen.cs
102,102 B,Packages/com.unity.collections/Unity.Collections/FixedString.gen.cs
102,102 B,Packages/com.unity.cinemachine/Runtime/SaveDuringPlay/Attributes.cs
102,102 B,Packages/com.unity.ugui/Runtime/UGUI/UI/Core/SetPropertyUtility.cs
102,102 B,Packages/com.unity.ugui/Runtime/UGUI/UI/Core/MaterialModifiers/IMaterialModifier.cs
102,102 B,Packages/com.unity.ugui/Runtime/UGUI/UI/Core/Layout/VerticalLayoutGroup.cs
102,102 B,Packages/com.unity.ugui/Runtime/UGUI/UI/Core/Layout/ContentSizeFitter.cs
102,102 B,Packages/com.unity.ugui/Runtime/UGUI/UI/Core/Layout/AspectRatioFitter.cs
102,102 B,Packages/com.unity.ugui/Runtime/UGUI/UI/Core/FontUpdateTracker.cs
102,102 B,Packages/com.unity.ugui/Runtime/UGUI/UI/Core/CanvasUpdateRegistry.cs
102,102 B,Packages/com.unity.ugui/Runtime/UGUI/UI/Core/AnimationTriggers.cs
102,102 B,Packages/com.unity.ugui/Runtime/UGUI/EventSystem/UIElements/PanelRaycaster.cs
102,102 B,Packages/com.unity.ugui/Runtime/UGUI/EventSystem/Raycasters/PhysicsRaycaster.cs
102,102 B,Packages/com.unity.ugui/Runtime/UGUI/EventSystem/Raycasters/BaseRaycaster.cs
102,102 B,Packages/com.unity.ugui/Runtime/UGUI/EventSystem/RaycasterManager.cs
102,102 B,Packages/com.unity.ugui/Runtime/UGUI/EventSystem/RaycastResult.cs
102,102 B,Packages/com.unity.ugui/Runtime/UGUI/EventSystem/InputModules/TouchInputModule.cs
102,102 B,Packages/com.unity.ugui/Runtime/UGUI/EventSystem/InputModules/BaseInputModule.cs
102,102 B,Packages/com.unity.ugui/Runtime/UGUI/EventSystem/ExecuteEvents.cs
102,102 B,Packages/com.unity.ugui/Runtime/UGUI/EventSystem/EventData/PointerEventData.cs
102,102 B,Packages/com.unity.ugui/Runtime/UGUI/EventSystem/EventData/BaseEventData.cs
102,102 B,Packages/com.unity.ugui/Runtime/UGUI/EventSystem/EventData/AxisEventData.cs
102,102 B,Packages/com.unity.ugui/Runtime/TMP/TMP_TextProcessingStack.cs
102,102 B,Packages/com.unity.ugui/Runtime/TMP/TMP_FontFeaturesCommon.cs
102,102 B,Packages/com.unity.timeline/Runtime/Extensions/TrackExtensions.cs
102,102 B,Packages/com.unity.timeline/Runtime/ClipCaps.cs
102,102 B,Packages/com.unity.render-pipelines.core/Runtime/Lights/LightAnchor.cs
102,102 B,Packages/com.unity.render-pipelines.core/Runtime/GPUDriven/AABB.cs
102,102 B,Packages/com.unity.probuilder/Runtime/MeshOperations/Bevel.cs
102,102 B,Packages/com.unity.probuilder/Runtime/Core/UnwrapParameters.cs
102,102 B,Packages/com.unity.probuilder/Runtime/Core/TriggerBehaviour.cs
102,102 B,Packages/com.unity.probuilder/Runtime/Core/TransformUtility.cs
102,102 B,Packages/com.unity.probuilder/Runtime/Core/ShapeGenerator.cs
102,102 B,Packages/com.unity.probuilder/Runtime/Core/SelectionPicker.cs
102,102 B,Packages/com.unity.probuilder/Runtime/Core/SelectPathFaces.cs
102,102 B,Packages/com.unity.probuilder/Runtime/Core/ProBuilderMesh.cs
102,102 B,Packages/com.unity.probuilder/Runtime/Core/PreferenceKeys.cs
102,102 B,Packages/com.unity.probuilder/Runtime/Core/MaterialUtility.cs
102,102 B,Packages/com.unity.probuilder/Runtime/Core/InternalUtility.cs
102,102 B,Packages/com.unity.probuilder/Runtime/Core/HandleUtility.cs
102,102 B,Packages/com.unity.probuilder/Runtime/Core/FaceRebuildData.cs
102,102 B,Packages/com.unity.probuilder/Runtime/Core/EntityBehaviour.cs
102,102 B,Packages/com.unity.probuilder/Runtime/Core/BuiltinMaterials.cs
102,102 B,Packages/com.unity.mathematics/Unity.Mathematics/rigid_transform.cs
102,102 B,Packages/com.unity.mathematics/Unity.Mathematics/math_unity_conversion.cs
102,102 B,Packages/com.unity.mathematics/Unity.Mathematics/affine_transform.cs
102,102 B,Packages/com.unity.mathematics/Unity.Mathematics/Geometry/MinMaxAABB.cs
102,102 B,Packages/com.unity.inputsystem/InputSystem/Utilities/FourCC.cs
102,102 B,Packages/com.unity.inputsystem/InputSystem/Plugins/iOS/iOSSupport.cs
102,102 B,Packages/com.unity.inputsystem/InputSystem/Plugins/XR/XRSupport.cs
102,102 B,Packages/com.unity.inputsystem/InputSystem/Plugins/XR/GenericXRDevice.cs
102,102 B,Packages/com.unity.inputsystem/InputSystem/Plugins/XR/Devices/WindowsMR.cs
102,102 B,Packages/com.unity.inputsystem/InputSystem/Plugins/XR/Controls/PoseControl.cs
102,102 B,Packages/com.unity.inputsystem/InputSystem/Plugins/UI/PointerModel.cs
102,102 B,Packages/com.unity.inputsystem/InputSystem/Plugins/OSX/OSXSupport.cs
102,102 B,Packages/com.unity.inputsystem/InputSystem/Plugins/HID/HIDSupport.cs
102,102 B,Packages/com.unity.inputsystem/InputSystem/Plugins/HID/HIDParser.cs
102,102 B,Packages/com.unity.collections/Unity.Collections/xxHash3.StreamingState.cs
102,102 B,Packages/com.unity.collections/Unity.Collections/NativeSort.cs
102,102 B,Packages/com.unity.collections/Unity.Collections/NativeBitArray.cs
102,102 B,Packages/com.unity.collections/Unity.Collections/ListExtensions.cs
102,102 B,Packages/com.unity.collections/Unity.Collections/Jobs/IJobParallelForDefer.cs
102,102 B,Packages/com.unity.collections/Unity.Collections/Jobs/IJobParallelForBatch.cs
102,102 B,Packages/com.unity.collections/Unity.Collections/FixedStringUtils.cs
102,102 B,Packages/com.unity.collections/Unity.Collections/DataStreamWriter.cs
102,102 B,Packages/com.unity.collections/Unity.Collections/DataStreamReader.cs
102,102 B,Packages/com.unity.collections/Unity.Collections/ConcurrentMask.cs
102,102 B,Packages/com.unity.collections/Unity.Collections/CollectionHelper.cs
102,102 B,Packages/com.unity.collections/Unity.Collections/AllocatorManager.cs
102,102 B,Packages/com.unity.cinemachine/Runtime/Timeline/CinemachineTrack.cs
102,102 B,Packages/com.unity.cinemachine/Runtime/Timeline/CinemachineShot.cs
102,102 B,Packages/com.unity.cinemachine/Runtime/ThirdParty/Clipper.Minkowski.cs
102,102 B,Packages/com.unity.cinemachine/Runtime/Deprecated/CinemachinePath.cs
102,102 B,Packages/com.unity.cinemachine/Runtime/Deprecated/CinemachinePOV.cs
102,102 B,Packages/com.unity.cinemachine/Runtime/Debug/CinemachineDebug.cs
102,102 B,Packages/com.unity.cinemachine/Runtime/Core/UpdateTracker.cs
102,102 B,Packages/com.unity.cinemachine/Runtime/Core/SplineSettings.cs
102,102 B,Packages/com.unity.cinemachine/Runtime/Core/SplineHelpers.cs
102,102 B,Packages/com.unity.cinemachine/Runtime/Core/SplineAutoDolly.cs
102,102 B,Packages/com.unity.cinemachine/Runtime/Core/RuntimeUtility.cs
102,102 B,Packages/com.unity.cinemachine/Runtime/Core/PrioritySettings.cs
102,102 B,Packages/com.unity.cinemachine/Runtime/Core/Predictor.cs
102,102 B,Packages/com.unity.cinemachine/Runtime/Core/NoiseSettings.cs
102,102 B,Packages/com.unity.cinemachine/Runtime/Core/CinemachineCore.cs
102,102 B,Packages/com.unity.cinemachine/Runtime/Core/CinemachineBlend.cs
102,102 B,Packages/com.unity.cinemachine/Runtime/Core/CameraBlendStack.cs
102,102 B,Packages/com.unity.cinemachine/Runtime/Behaviours/CinemachineBrain.cs
102,102 B,Packages/com.unity.burst/Runtime/SafeStringArrayHelper.cs
102,102 B,Packages/com.unity.burst/Runtime/Editor/BurstEditorOptions.cs
102,102 B,Packages/com.unity.burst/Runtime/Editor/BurstCompileTarget.cs
102,102 B,Packages/com.unity.burst/Runtime/Editor/BurstAssemblyDisable.cs
102,102 B,Packages/com.unity.burst/Runtime/BurstCompileAttribute.cs
102,102 B,Packages/com.unity.ai.navigation/Runtime/NavMeshSurface.cs
102,102 B,Packages/com.unity.ai.navigation/Runtime/NavMeshModifier.cs
102,102 B,Assets/fireAttackEffects/scripts/fireBallScript.cs
102,102 B,Assets/ALP_Assets/Big Oak Tree FREE/Core/Scripts/Controller/ALP8310_ControllerStyle.cs
102,102 B,Packages/com.unity.visualscripting/Runtime/VisualScripting.State/State.cs
102,102 B,Packages/com.unity.visualscripting/Runtime/VisualScripting.State/IState.cs
102,102 B,Packages/com.unity.visualscripting/Runtime/VisualScripting.State/AnyState.cs
102,102 B,Packages/com.unity.visualscripting/Runtime/VisualScripting.Flow/IUnit.cs
102,102 B,Packages/com.unity.visualscripting/Runtime/VisualScripting.Flow/Framework/Time/WaitUnit.cs
102,102 B,Packages/com.unity.visualscripting/Runtime/VisualScripting.Flow/Framework/Time/Timer.cs
102,102 B,Packages/com.unity.visualscripting/Runtime/VisualScripting.Flow/Framework/Time/Cooldown.cs
102,102 B,Packages/com.unity.visualscripting/Runtime/VisualScripting.Flow/Framework/Logic/NotEqual.cs
102,102 B,Packages/com.unity.visualscripting/Runtime/VisualScripting.Flow/Framework/Logic/Negate.cs
102,102 B,Packages/com.unity.visualscripting/Runtime/VisualScripting.Flow/Framework/Logic/Greater.cs
102,102 B,Packages/com.unity.visualscripting/Runtime/VisualScripting.Flow/Framework/Logic/Equal.cs
102,102 B,Packages/com.unity.visualscripting/Runtime/VisualScripting.Flow/Framework/Literal.cs
102,102 B,Packages/com.unity.visualscripting/Runtime/VisualScripting.Flow/Framework/Formula.cs
102,102 B,Packages/com.unity.visualscripting/Runtime/VisualScripting.Flow/Framework/Events/Lifecycle/Update.cs
102,102 B,Packages/com.unity.visualscripting/Runtime/VisualScripting.Flow/Framework/Events/Lifecycle/Start.cs
102,102 B,Packages/com.unity.visualscripting/Runtime/VisualScripting.Flow/Framework/Events/Lifecycle/OnEnable.cs
102,102 B,Packages/com.unity.visualscripting/Runtime/VisualScripting.Flow/Framework/Events/GUI/OnSubmit.cs
102,102 B,Packages/com.unity.visualscripting/Runtime/VisualScripting.Flow/Framework/Events/GUI/OnSelect.cs
102,102 B,Packages/com.unity.visualscripting/Runtime/VisualScripting.Flow/Framework/Events/GUI/OnScroll.cs
102,102 B,Packages/com.unity.visualscripting/Runtime/VisualScripting.Flow/Framework/Events/GUI/OnMove.cs
102,102 B,Packages/com.unity.visualscripting/Runtime/VisualScripting.Flow/Framework/Events/GUI/OnGUI.cs
102,102 B,Packages/com.unity.visualscripting/Runtime/VisualScripting.Flow/Framework/Events/GUI/OnDrop.cs
102,102 B,Packages/com.unity.visualscripting/Runtime/VisualScripting.Flow/Framework/Events/GUI/OnDrag.cs
102,102 B,Packages/com.unity.visualscripting/Runtime/VisualScripting.Flow/Framework/Events/GUI/OnCancel.cs
102,102 B,Packages/com.unity.visualscripting/Runtime/VisualScripting.Flow/Framework/Control/While.cs
102,102 B,Packages/com.unity.visualscripting/Runtime/VisualScripting.Flow/Framework/Control/TryCatch.cs
102,102 B,Packages/com.unity.visualscripting/Runtime/VisualScripting.Flow/Framework/Control/Throw.cs
102,102 B,Packages/com.unity.visualscripting/Runtime/VisualScripting.Flow/Framework/Control/Sequence.cs
102,102 B,Packages/com.unity.visualscripting/Runtime/VisualScripting.Flow/Framework/Control/LoopUnit.cs
102,102 B,Packages/com.unity.visualscripting/Runtime/VisualScripting.Flow/Framework/Control/ForEach.cs
102,102 B,Packages/com.unity.visualscripting/Runtime/VisualScripting.Flow/Framework/Control/Cache.cs
102,102 B,Packages/com.unity.visualscripting/Runtime/VisualScripting.Flow/Framework/Control/Break.cs
102,102 B,Packages/com.unity.visualscripting/Runtime/VisualScripting.Flow/Framework/Collections/LastItem.cs
102,102 B,Packages/com.unity.visualscripting/Runtime/VisualScripting.Flow/Framework/Codebase/Expose.cs
102,102 B,Packages/com.unity.visualscripting/Runtime/VisualScripting.Core/Utilities/XColor.cs
102,102 B,Packages/com.unity.visualscripting/Runtime/VisualScripting.Core/Reflection/TypeName.cs
102,102 B,Packages/com.unity.visualscripting/Runtime/VisualScripting.Core/Reflection/Member.cs
102,102 B,Packages/com.unity.visualscripting/Runtime/VisualScripting.Core/Macros/IMacro.cs
102,102 B,Packages/com.unity.visualscripting/Runtime/VisualScripting.Core/Machines/IMachine.cs
102,102 B,Packages/com.unity.visualscripting/Runtime/VisualScripting.Core/Graphs/IGraph.cs
102,102 B,Packages/com.unity.visualscripting/Runtime/VisualScripting.Core/Graphs/Graph.cs
102,102 B,Packages/com.unity.visualscripting/Runtime/VisualScripting.Core/Events/EventBus.cs
102,102 B,Packages/com.unity.visualscripting/Runtime/VisualScripting.Core/Ensure/Extensions/XString.cs
102,102 B,Packages/com.unity.visualscripting/Runtime/VisualScripting.Core/Ensure/Ensure.cs
102,102 B,Packages/com.unity.visualscripting/Runtime/VisualScripting.Core/Collections/AotList.cs
102,102 B,Packages/com.unity.visualscripting/Runtime/VisualScripting.Core/Cloning/ICloner.cs
102,102 B,Packages/com.unity.visualscripting/Runtime/VisualScripting.Core/Cloning/Cloning.cs
102,102 B,Packages/com.unity.ugui/Runtime/TMP/TMPro_EventManager.cs
102,102 B,Packages/com.unity.ugui/Runtime/TMP/TMP_UpdateRegistery.cs
102,102 B,Packages/com.unity.ugui/Runtime/TMP/TMP_UpdateManager.cs
102,102 B,Packages/com.unity.ugui/Runtime/TMP/TMP_TextUtilities.cs
102,102 B,Packages/com.unity.ugui/Runtime/TMP/TMP_TextProcessingCommon.cs
102,102 B,Packages/com.unity.ugui/Runtime/TMP/TMP_SpriteCharacter.cs
102,102 B,Packages/com.unity.ugui/Runtime/TMP/TMP_SpriteAnimator.cs
102,102 B,Packages/com.unity.ugui/Runtime/TMP/TMP_SelectionCaret.cs
102,102 B,Packages/com.unity.ugui/Runtime/TMP/TMP_ResourcesManager.cs
102,102 B,Packages/com.unity.ugui/Runtime/TMP/TMP_MaterialManager.cs
102,102 B,Packages/com.unity.ugui/Runtime/TMP/TMP_InputValidator.cs
102,102 B,Packages/com.unity.ugui/Runtime/TMP/TMP_FontFeatureTable.cs
102,102 B,Packages/com.unity.ugui/Runtime/TMP/TMP_DefaultControls.cs
102,102 B,Packages/com.unity.ugui/Runtime/TMP/TMP_Compatibility.cs
102,102 B,Packages/com.unity.ugui/Runtime/TMP/TMP_ColorGradient.cs
102,102 B,Packages/com.unity.ugui/Runtime/TMP/TMP_CharacterInfo.cs
102,102 B,Packages/com.unity.ugui/Runtime/TMP/ITextPreProcessor.cs
102,102 B,Packages/com.unity.ugui/Runtime/TMP/FontFeatureCommonGPOS.cs
102,102 B,Packages/com.unity.timeline/Runtime/Utilities/WeightUtility.cs
102,102 B,Packages/com.unity.timeline/Runtime/Utilities/IPropertyPreview.cs
102,102 B,Packages/com.unity.timeline/Runtime/Utilities/Extrapolation.cs
102,102 B,Packages/com.unity.timeline/Runtime/TimelinePlayable.cs
102,102 B,Packages/com.unity.timeline/Runtime/TimelineAsset.cs
102,102 B,Packages/com.unity.timeline/Runtime/Scripting/PlayableTrack.cs
102,102 B,Packages/com.unity.timeline/Runtime/Events/Signals/SignalReceiver.cs
102,102 B,Packages/com.unity.timeline/Runtime/Events/Signals/SignalEmitter.cs
102,102 B,Packages/com.unity.timeline/Runtime/Evaluation/RuntimeElement.cs
102,102 B,Packages/com.unity.timeline/Runtime/Evaluation/RuntimeClipBase.cs
102,102 B,Packages/com.unity.timeline/Runtime/Animation/AnimationTrack.cs
102,102 B,Packages/com.unity.timeline/Runtime/Activation/ActivationTrack.cs
102,102 B,Packages/com.unity.splines/Runtime/SplineUtility.cs
102,102 B,Packages/com.unity.splines/Runtime/SplineType.cs
102,102 B,Packages/com.unity.splines/Runtime/SplineKnotIndex.cs
102,102 B,Packages/com.unity.splines/Runtime/SplineFactory.cs
102,102 B,Packages/com.unity.splines/Runtime/SplineExtrude.cs
102,102 B,Packages/com.unity.splines/Runtime/SplineContainer.cs
102,102 B,Packages/com.unity.splines/Runtime/SplineComponent.cs
102,102 B,Packages/com.unity.splines/Runtime/SplineAnimate.cs
102,102 B,Packages/com.unity.splines/Runtime/ISplineProvider.cs
102,102 B,Packages/com.unity.splines/Runtime/ISplineContainer.cs
102,102 B,Packages/com.unity.splines/Runtime/IExtrudeShape.cs
102,102 B,Packages/com.unity.render-pipelines.core/Runtime/STP/STP.cs
102,102 B,Packages/com.unity.probuilder/External/Poly2Tri/P2T.cs
102,102 B,Packages/com.unity.probuilder/Content/Resources/Materials/FacePicker.mat
102,102 B,Packages/com.unity.mathematics/Unity.Mathematics/double4x4.gen.cs
102,102 B,Packages/com.unity.mathematics/Unity.Mathematics/double4x3.gen.cs
102,102 B,Packages/com.unity.mathematics/Unity.Mathematics/double4x2.gen.cs
102,102 B,Packages/com.unity.mathematics/Unity.Mathematics/double3x4.gen.cs
102,102 B,Packages/com.unity.mathematics/Unity.Mathematics/double3x3.gen.cs
102,102 B,Packages/com.unity.mathematics/Unity.Mathematics/double3x2.gen.cs
102,102 B,Packages/com.unity.mathematics/Unity.Mathematics/double2x4.gen.cs
102,102 B,Packages/com.unity.mathematics/Unity.Mathematics/double2x3.gen.cs
102,102 B,Packages/com.unity.mathematics/Unity.Mathematics/double2x2.gen.cs
102,102 B,Packages/com.unity.inputsystem/InputSystem/Plugins/PlayerInput/PlayerInput.cs
102,102 B,Packages/com.unity.inputsystem/InputSystem/Plugins/PlayerInput/InputValue.cs
102,102 B,Packages/com.unity.inputsystem/InputSystem/InputSystem.cs
102,102 B,Packages/com.unity.inputsystem/InputSystem/InputManager.cs
102,102 B,Packages/com.unity.inputsystem/InputSystem/Editor/UITKAssetEditor/Commands/Commands.cs
102,102 B,Packages/com.unity.inputsystem/InputSystem/Editor/Dialog.cs
102,102 B,Packages/com.unity.inputsystem/InputSystem/Devices/Touchscreen.cs
102,102 B,Packages/com.unity.inputsystem/InputSystem/Devices/Precompiled/FastMouse.cs
102,102 B,Packages/com.unity.inputsystem/InputSystem/Devices/Precompiled/FastKeyboard.cs
102,102 B,Packages/com.unity.inputsystem/InputSystem/Devices/InputDevice.cs
102,102 B,Packages/com.unity.inputsystem/InputSystem/Devices/Haptics/IHaptics.cs
102,102 B,Packages/com.unity.inputsystem/InputSystem/Controls/InputControl.cs
102,102 B,Packages/com.unity.inputsystem/InputSystem/Controls/CommonUsages.cs
102,102 B,Packages/com.unity.inputsystem/InputSystem/AssemblyInfo.cs
102,102 B,Packages/com.unity.inputsystem/InputSystem/Actions/InputBinding.cs
102,102 B,Packages/com.unity.inputsystem/InputSystem/Actions/InputAction.cs
102,102 B,Packages/com.unity.collections/Unity.Collections/NativeText.gen.cs
102,102 B,Packages/com.unity.collections/Unity.Collections/FixedList.gen.cs
102,102 B,Packages/com.unity.cinemachine/Runtime/ThirdParty/Clipper.Offset.cs
102,102 B,Packages/com.unity.cinemachine/Runtime/Core/DeltaTimeScaleProcessor.cs
102,102 B,Assets/ALP_Assets/Big Oak Tree FREE/Core/Scripts/Controller/ALP8310_ControllerGlobal.cs
102,102 B,Packages/com.unity.ugui/Runtime/UGUI/UI/Core/VertexModifiers/PositionAsUV1.cs
102,102 B,Packages/com.unity.ugui/Runtime/UGUI/UI/Core/VertexModifiers/IMeshModifier.cs
102,102 B,Packages/com.unity.ugui/Runtime/UGUI/UI/Core/VertexModifiers/BaseMeshEffect.cs
102,102 B,Packages/com.unity.ugui/Runtime/UGUI/UI/Core/StencilMaterial.cs
102,102 B,Packages/com.unity.ugui/Runtime/UGUI/UI/Core/MaskableGraphic.cs
102,102 B,Packages/com.unity.ugui/Runtime/UGUI/UI/Core/MaskUtilities.cs
102,102 B,Packages/com.unity.ugui/Runtime/UGUI/UI/Core/Layout/LayoutUtility.cs
102,102 B,Packages/com.unity.ugui/Runtime/UGUI/UI/Core/Layout/LayoutRebuilder.cs
102,102 B,Packages/com.unity.ugui/Runtime/UGUI/UI/Core/Layout/LayoutElement.cs
102,102 B,Packages/com.unity.ugui/Runtime/UGUI/UI/Core/Layout/ILayoutElement.cs
102,102 B,Packages/com.unity.ugui/Runtime/UGUI/UI/Core/Layout/GridLayoutGroup.cs
102,102 B,Packages/com.unity.ugui/Runtime/UGUI/UI/Core/GraphicRegistry.cs
102,102 B,Packages/com.unity.ugui/Runtime/UGUI/UI/Core/GraphicRaycaster.cs
102,102 B,Packages/com.unity.ugui/Runtime/UGUI/UI/Core/DefaultControls.cs
102,102 B,Packages/com.unity.ugui/Runtime/UGUI/UI/Core/Culling/ClipperRegistry.cs
102,102 B,Packages/com.unity.ugui/Runtime/UGUI/EventSystem/UIBehaviour.cs
102,102 B,Packages/com.unity.ugui/Runtime/UGUI/EventSystem/InputModules/BaseInput.cs
102,102 B,Packages/com.unity.ugui/Runtime/UGUI/EventSystem/EventTrigger.cs
102,102 B,Packages/com.unity.ugui/Runtime/UGUI/EventSystem/EventSystem.cs
102,102 B,Packages/com.unity.ugui/Runtime/TMP/TMPro_MeshUtilities.cs
102,102 B,Packages/com.unity.ugui/Runtime/TMP/TMP_ShaderUtilities.cs
102,102 B,Packages/com.unity.ugui/Runtime/TMP/TMP_RichTextTagsCommon.cs
102,102 B,Packages/com.unity.ugui/Runtime/TMP/TMP_FontAssetCommon.cs
102,102 B,Packages/com.unity.probuilder/Runtime/Shapes/Torus.cs
102,102 B,Packages/com.unity.probuilder/Runtime/Shapes/Stairs.cs
102,102 B,Packages/com.unity.probuilder/Runtime/Shapes/Sprite.cs
102,102 B,Packages/com.unity.probuilder/Runtime/Shapes/Sphere.cs
102,102 B,Packages/com.unity.probuilder/Runtime/Shapes/Shape.cs
102,102 B,Packages/com.unity.probuilder/Runtime/Shapes/Prism.cs
102,102 B,Packages/com.unity.probuilder/Runtime/Shapes/Plane.cs
102,102 B,Packages/com.unity.probuilder/Runtime/Shapes/Cylinder.cs
102,102 B,Packages/com.unity.probuilder/Runtime/Core/WingedEdge.cs
102,102 B,Packages/com.unity.probuilder/Runtime/Core/VectorMask.cs
102,102 B,Packages/com.unity.probuilder/Runtime/Core/VectorHash.cs
102,102 B,Packages/com.unity.probuilder/Runtime/Core/UvUnwrapping.cs
102,102 B,Packages/com.unity.probuilder/Runtime/Core/Transform2D.cs
102,102 B,Packages/com.unity.probuilder/Runtime/Core/Smoothing.cs
102,102 B,Packages/com.unity.probuilder/Runtime/Core/SharedVertex.cs
102,102 B,Packages/com.unity.probuilder/Runtime/Core/ShapeFactory.cs
102,102 B,Packages/com.unity.probuilder/Runtime/Core/RaycastHit.cs
102,102 B,Packages/com.unity.probuilder/Runtime/Core/Projection.cs
102,102 B,Packages/com.unity.probuilder/Runtime/Core/PolyShape.cs
102,102 B,Packages/com.unity.probuilder/Runtime/Core/MeshUtility.cs
102,102 B,Packages/com.unity.probuilder/Runtime/Core/MeshHandles.cs
102,102 B,Packages/com.unity.probuilder/Runtime/Core/MeshHandle.cs
102,102 B,Packages/com.unity.probuilder/Runtime/Core/IHasDefault.cs
102,102 B,Packages/com.unity.probuilder/Runtime/Core/EdgeUtility.cs
102,102 B,Packages/com.unity.probuilder/Runtime/Core/EdgeLookup.cs
102,102 B,Packages/com.unity.probuilder/Runtime/Core/ColorUtility.cs
102,102 B,Packages/com.unity.probuilder/Runtime/Core/ColorPalette.cs
102,102 B,Packages/com.unity.probuilder/Runtime/Core/Changelog.cs
102,102 B,Packages/com.unity.probuilder/Runtime/Core/BezierShape.cs
102,102 B,Packages/com.unity.probuilder/Runtime/Core/BezierPoint.cs
102,102 B,Packages/com.unity.probuilder/Runtime/Core/ArrayUtility.cs
102,102 B,Packages/com.unity.probuilder/Runtime/Core/ActionResult.cs
102,102 B,Packages/com.unity.probuilder/External/StlExporter/Code/pb_Stl.cs
102,102 B,Packages/com.unity.probuilder/External/CSG/Classes/Vertex.cs
102,102 B,Packages/com.unity.probuilder/External/CSG/Classes/Polygon.cs
102,102 B,Packages/com.unity.probuilder/External/CSG/Classes/Plane.cs
102,102 B,Packages/com.unity.probuilder/External/CSG/Classes/Model.cs
102,102 B,Packages/com.unity.mathematics/Unity.Mathematics/quaternion.cs
102,102 B,Packages/com.unity.mathematics/Unity.Mathematics/Noise/classicnoise4D.cs
102,102 B,Packages/com.unity.mathematics/Unity.Mathematics/Noise/classicnoise3D.cs
102,102 B,Packages/com.unity.mathematics/Unity.Mathematics/Noise/classicnoise2D.cs
102,102 B,Packages/com.unity.mathematics/Unity.Mathematics/Noise/cellular2x2x2.cs
102,102 B,Packages/com.unity.mathematics/Unity.Mathematics/Geometry/Plane.cs
102,102 B,Packages/com.unity.inputsystem/InputSystem/Plugins/XR/Devices/Oculus.cs
102,102 B,Packages/com.unity.collections/Unity.Collections/UIntFloat.cs
102,102 B,Packages/com.unity.collections/Unity.Collections/NativeStream.cs
102,102 B,Packages/com.unity.collections/Unity.Collections/Jobs/EarlyInitHelpers.cs
102,102 B,Packages/com.unity.cinemachine/Runtime/ThirdParty/Clipper.Engine.cs
102,102 B,Packages/com.unity.cinemachine/Runtime/Deprecated/AxisState.cs
102,102 B,Packages/com.unity.cinemachine/Runtime/Debug/DebugText.cs
102,102 B,Packages/com.unity.cinemachine/Runtime/Core/LensSettings.cs
102,102 B,Packages/com.unity.cinemachine/Runtime/Core/InputAxis.cs
102,102 B,Packages/com.unity.cinemachine/Runtime/Core/ConfinerOven.cs
102,102 B,Packages/com.unity.cinemachine/Runtime/Core/CameraTarget.cs
102,102 B,Packages/com.unity.cinemachine/Runtime/Core/CameraState.cs
102,102 B,Packages/com.unity.cinemachine/Runtime/Core/BlendManager.cs
102,102 B,Packages/com.unity.burst/Runtime/Intrinsics/SimdDebugViews.cs
102,102 B,Packages/com.unity.burst/Runtime/Editor/BurstReflection.cs
102,102 B,Packages/com.unity.burst/Runtime/BurstCompilerOptions.cs
102,102 B,Packages/com.unity.ai.navigation/Runtime/NavMeshLink.cs
102,102 B,Assets/Free Wood Door Pack/Script/FPSController.cs
102,102 B,Assets/Free Wood Door Pack/Script/CameraOpenDoor.cs
102,102 B,Assets/BlenderExplosionTrigger.cs
102,102 B,Packages/com.unity.visualscripting/Runtime/VisualScripting.Flow/Unit.cs
102,102 B,Packages/com.unity.visualscripting/Runtime/VisualScripting.Flow/Framework/This.cs
102,102 B,Packages/com.unity.visualscripting/Runtime/VisualScripting.Flow/Framework/Nulls/Null.cs
102,102 B,Packages/com.unity.visualscripting/Runtime/VisualScripting.Flow/Framework/Logic/Or.cs
102,102 B,Packages/com.unity.visualscripting/Runtime/VisualScripting.Flow/Framework/Logic/Less.cs
102,102 B,Packages/com.unity.visualscripting/Runtime/VisualScripting.Flow/Framework/Logic/And.cs
102,102 B,Packages/com.unity.visualscripting/Runtime/VisualScripting.Flow/Framework/Control/Once.cs
102,102 B,Packages/com.unity.visualscripting/Runtime/VisualScripting.Flow/Framework/Control/If.cs
102,102 B,Packages/com.unity.visualscripting/Runtime/VisualScripting.Flow/Framework/Control/For.cs
102,102 B,Packages/com.unity.visualscripting/Runtime/VisualScripting.Flow/Flow.cs
102,102 B,Packages/com.unity.ugui/Runtime/TMP/TextMeshProUGUI.cs
102,102 B,Packages/com.unity.ugui/Runtime/TMP/TextContainer.cs
102,102 B,Packages/com.unity.ugui/Runtime/TMP/TMP_TextElement.cs
102,102 B,Packages/com.unity.ugui/Runtime/TMP/TMP_SubMeshUI.cs
102,102 B,Packages/com.unity.ugui/Runtime/TMP/TMP_StyleSheet.cs
102,102 B,Packages/com.unity.ugui/Runtime/TMP/TMP_SpriteGlyph.cs
102,102 B,Packages/com.unity.ugui/Runtime/TMP/TMP_SpriteAsset.cs
102,102 B,Packages/com.unity.ugui/Runtime/TMP/TMP_InputField.cs
102,102 B,Packages/com.unity.ugui/Runtime/TMP/TMP_FontAsset.cs
102,102 B,Packages/com.unity.ugui/Runtime/TMP/TMP_CoroutineTween.cs
102,102 B,Packages/com.unity.ugui/Runtime/TMP/TMP_Character.cs
102,102 B,Packages/com.unity.timeline/Runtime/Utilities/TimelineUndo.cs
102,102 B,Packages/com.unity.timeline/Runtime/Utilities/TimeUtility.cs
102,102 B,Packages/com.unity.timeline/Runtime/Utilities/HashUtility.cs
102,102 B,Packages/com.unity.timeline/Runtime/TrackAsset.cs
102,102 B,Packages/com.unity.timeline/Runtime/TimelineClip.cs
102,102 B,Packages/com.unity.timeline/Runtime/Playables/ITimeControl.cs
102,102 B,Packages/com.unity.timeline/Runtime/ILayerable.cs
102,102 B,Packages/com.unity.timeline/Runtime/GroupTrack.cs
102,102 B,Packages/com.unity.timeline/Runtime/Events/Signals/SignalAsset.cs
102,102 B,Packages/com.unity.timeline/Runtime/Events/SignalTrack.cs
102,102 B,Packages/com.unity.timeline/Runtime/Events/MarkerTrack.cs
102,102 B,Packages/com.unity.timeline/Runtime/Events/MarkerList.cs
102,102 B,Packages/com.unity.timeline/Runtime/Evaluation/RuntimeClip.cs
102,102 B,Packages/com.unity.timeline/Runtime/Evaluation/IntervalTree.cs
102,102 B,Packages/com.unity.timeline/Runtime/DiscreteTime.cs
102,102 B,Packages/com.unity.timeline/Runtime/Control/ControlTrack.cs
102,102 B,Packages/com.unity.timeline/Runtime/Audio/AudioTrack.cs
102,102 B,Packages/com.unity.timeline/Runtime/AssetUpgrade/ClipUpgrade.cs
102,102 B,Packages/com.unity.timeline/Runtime/Animation/ICurvesOwner.cs
102,102 B,Packages/com.unity.splines/Runtime/SplineRange.cs
102,102 B,Packages/com.unity.splines/Runtime/SplinePath.cs
102,102 B,Packages/com.unity.splines/Runtime/SplineMesh.cs
102,102 B,Packages/com.unity.splines/Runtime/SplineMath.cs
102,102 B,Packages/com.unity.splines/Runtime/SplineJobs.cs
102,102 B,Packages/com.unity.splines/Runtime/SplineInfo.cs
102,102 B,Packages/com.unity.splines/Runtime/NativeSpline.cs
102,102 B,Packages/com.unity.splines/Runtime/MathUtility.cs
102,102 B,Packages/com.unity.splines/Runtime/DataPoint.cs
102,102 B,Packages/com.unity.splines/Runtime/CurveUtility.cs
102,102 B,Packages/com.unity.splines/Runtime/BezierKnot.cs
102,102 B,Packages/com.unity.splines/Runtime/BezierCurve.cs
102,102 B,Packages/com.unity.splines/Runtime/ArrayUtility.cs
102,102 B,Packages/com.unity.render-pipelines.universal/Shaders/Shaders.cs
102,102 B,Packages/com.unity.mathematics/Unity.Mathematics/uint4x4.gen.cs
102,102 B,Packages/com.unity.mathematics/Unity.Mathematics/uint4x3.gen.cs
102,102 B,Packages/com.unity.mathematics/Unity.Mathematics/uint4x2.gen.cs
102,102 B,Packages/com.unity.mathematics/Unity.Mathematics/uint4.gen.cs
102,102 B,Packages/com.unity.mathematics/Unity.Mathematics/uint3x4.gen.cs
102,102 B,Packages/com.unity.mathematics/Unity.Mathematics/uint3x3.gen.cs
102,102 B,Packages/com.unity.mathematics/Unity.Mathematics/uint3x2.gen.cs
102,102 B,Packages/com.unity.mathematics/Unity.Mathematics/uint3.gen.cs
102,102 B,Packages/com.unity.mathematics/Unity.Mathematics/uint2x4.gen.cs
102,102 B,Packages/com.unity.mathematics/Unity.Mathematics/uint2x3.gen.cs
102,102 B,Packages/com.unity.mathematics/Unity.Mathematics/uint2x2.gen.cs
102,102 B,Packages/com.unity.mathematics/Unity.Mathematics/uint2.gen.cs
102,102 B,Packages/com.unity.mathematics/Unity.Mathematics/int4x4.gen.cs
102,102 B,Packages/com.unity.mathematics/Unity.Mathematics/int4x3.gen.cs
102,102 B,Packages/com.unity.mathematics/Unity.Mathematics/int4x2.gen.cs
102,102 B,Packages/com.unity.mathematics/Unity.Mathematics/int3x4.gen.cs
102,102 B,Packages/com.unity.mathematics/Unity.Mathematics/int3x3.gen.cs
102,102 B,Packages/com.unity.mathematics/Unity.Mathematics/int3x2.gen.cs
102,102 B,Packages/com.unity.mathematics/Unity.Mathematics/int2x4.gen.cs
102,102 B,Packages/com.unity.mathematics/Unity.Mathematics/int2x3.gen.cs
102,102 B,Packages/com.unity.mathematics/Unity.Mathematics/int2x2.gen.cs
102,102 B,Packages/com.unity.mathematics/Unity.Mathematics/half4.gen.cs
102,102 B,Packages/com.unity.mathematics/Unity.Mathematics/half3.gen.cs
102,102 B,Packages/com.unity.mathematics/Unity.Mathematics/half2.gen.cs
102,102 B,Packages/com.unity.mathematics/Unity.Mathematics/float4x4.gen.cs
102,102 B,Packages/com.unity.mathematics/Unity.Mathematics/float4x3.gen.cs
102,102 B,Packages/com.unity.mathematics/Unity.Mathematics/float4x2.gen.cs
102,102 B,Packages/com.unity.mathematics/Unity.Mathematics/float4.gen.cs
102,102 B,Packages/com.unity.mathematics/Unity.Mathematics/float3x4.gen.cs
102,102 B,Packages/com.unity.mathematics/Unity.Mathematics/float3x3.gen.cs
102,102 B,Packages/com.unity.mathematics/Unity.Mathematics/float3x2.gen.cs
102,102 B,Packages/com.unity.mathematics/Unity.Mathematics/float3.gen.cs
102,102 B,Packages/com.unity.mathematics/Unity.Mathematics/float2x4.gen.cs
102,102 B,Packages/com.unity.mathematics/Unity.Mathematics/float2x3.gen.cs
102,102 B,Packages/com.unity.mathematics/Unity.Mathematics/float2x2.gen.cs
102,102 B,Packages/com.unity.mathematics/Unity.Mathematics/float2.gen.cs
102,102 B,Packages/com.unity.mathematics/Unity.Mathematics/double4.gen.cs
102,102 B,Packages/com.unity.mathematics/Unity.Mathematics/double3.gen.cs
102,102 B,Packages/com.unity.mathematics/Unity.Mathematics/double2.gen.cs
102,102 B,Packages/com.unity.mathematics/Unity.Mathematics/bool4x4.gen.cs
102,102 B,Packages/com.unity.mathematics/Unity.Mathematics/bool4x3.gen.cs
102,102 B,Packages/com.unity.mathematics/Unity.Mathematics/bool4x2.gen.cs
102,102 B,Packages/com.unity.mathematics/Unity.Mathematics/bool4.gen.cs
102,102 B,Packages/com.unity.mathematics/Unity.Mathematics/bool3x4.gen.cs
102,102 B,Packages/com.unity.mathematics/Unity.Mathematics/bool3x3.gen.cs
102,102 B,Packages/com.unity.mathematics/Unity.Mathematics/bool3x2.gen.cs
102,102 B,Packages/com.unity.mathematics/Unity.Mathematics/bool3.gen.cs
102,102 B,Packages/com.unity.mathematics/Unity.Mathematics/bool2x4.gen.cs
102,102 B,Packages/com.unity.mathematics/Unity.Mathematics/bool2x3.gen.cs
102,102 B,Packages/com.unity.mathematics/Unity.Mathematics/bool2x2.gen.cs
102,102 B,Packages/com.unity.mathematics/Unity.Mathematics/bool2.gen.cs
102,102 B,Packages/com.unity.mathematics/Unity.Mathematics/Noise/psrdnoise2D.cs
102,102 B,Packages/com.unity.mathematics/Unity.Mathematics/Noise/noise3Dgrad.cs
102,102 B,Packages/com.unity.mathematics/Unity.Mathematics/Noise/cellular3D.cs
102,102 B,Packages/com.unity.mathematics/Unity.Mathematics/Noise/cellular2x2.cs
102,102 B,Packages/com.unity.mathematics/Unity.Mathematics/Noise/cellular2D.cs
102,102 B,Packages/com.unity.inputsystem/InputSystem/Plugins/XR/Devices/GoogleVR.cs
102,102 B,Packages/com.unity.inputsystem/InputSystem/Editor/DownloadableSample.cs
102,102 B,Packages/com.unity.inputsystem/InputSystem/Devices/Sensor.cs
102,102 B,Packages/com.unity.inputsystem/InputSystem/Devices/Pointer.cs
102,102 B,Packages/com.unity.inputsystem/InputSystem/Devices/Mouse.cs
102,102 B,Packages/com.unity.inputsystem/InputSystem/Devices/Keyboard.cs
102,102 B,Packages/com.unity.inputsystem/InputSystem/Devices/Joystick.cs
102,102 B,Packages/com.unity.inputsystem/InputSystem/Devices/Gamepad.cs
102,102 B,Packages/com.unity.collections/Unity.Collections/xxHash3.AVX2.cs
102,102 B,Packages/com.unity.cinemachine/Runtime/ThirdParty/Clipper.Core.cs
102,102 B,Packages/com.unity.burst/Runtime/Intrinsics/Arm/NEON_AArch64_rdma.cs
102,102 B,Packages/com.unity.burst/Runtime/Intrinsics/Arm/NEON_AArch64_dotprod.cs
102,102 B,Packages/com.unity.burst/Runtime/Intrinsics/Arm/NEON_AArch64_crypto.cs
102,102 B,Assets/Forst/CTI Runtime Components/CTI Runtime Components URP 14plus/Scripts/CTI_URP_CustomWind.cs
102,102 B,Packages/com.unity.ugui/Runtime/UGUI/UI/Core/Utility/VertexHelper.cs
102,102 B,Packages/com.unity.ugui/Runtime/UGUI/UI/Core/ToggleGroup.cs
102,102 B,Packages/com.unity.ugui/Runtime/UGUI/UI/Core/SpriteState.cs
102,102 B,Packages/com.unity.ugui/Runtime/UGUI/UI/Core/Selectable.cs
102,102 B,Packages/com.unity.ugui/Runtime/UGUI/UI/Core/Scrollbar.cs
102,102 B,Packages/com.unity.ugui/Runtime/UGUI/UI/Core/ScrollRect.cs
102,102 B,Packages/com.unity.ugui/Runtime/UGUI/UI/Core/RectMask2D.cs
102,102 B,Packages/com.unity.ugui/Runtime/UGUI/UI/Core/Navigation.cs
102,102 B,Packages/com.unity.ugui/Runtime/UGUI/UI/Core/Layout/LayoutGroup.cs
102,102 B,Packages/com.unity.ugui/Runtime/UGUI/UI/Core/Layout/CanvasScaler.cs
102,102 B,Packages/com.unity.ugui/Runtime/UGUI/UI/Core/InputField.cs
102,102 B,Packages/com.unity.ugui/Runtime/UGUI/UI/Core/IMaskable.cs
102,102 B,Packages/com.unity.ugui/Runtime/UGUI/UI/Core/ColorBlock.cs
102,102 B,Packages/com.unity.probuilder/Runtime/Shapes/Pipe.cs
102,102 B,Packages/com.unity.probuilder/Runtime/Shapes/Door.cs
102,102 B,Packages/com.unity.probuilder/Runtime/Shapes/Cube.cs
102,102 B,Packages/com.unity.probuilder/Runtime/Shapes/Cone.cs
102,102 B,Packages/com.unity.probuilder/Runtime/Shapes/Arch.cs
102,102 B,Packages/com.unity.probuilder/Runtime/Core/Vertex.cs
102,102 B,Packages/com.unity.probuilder/Runtime/Core/Triangle.cs
102,102 B,Packages/com.unity.probuilder/Runtime/Core/Submesh.cs
102,102 B,Packages/com.unity.probuilder/Runtime/Core/Spline.cs
102,102 B,Packages/com.unity.probuilder/Runtime/Core/SemVer.cs
102,102 B,Packages/com.unity.probuilder/Runtime/Core/Normals.cs
102,102 B,Packages/com.unity.probuilder/Runtime/Core/Normal.cs
102,102 B,Packages/com.unity.probuilder/Runtime/Core/IntVec4.cs
102,102 B,Packages/com.unity.probuilder/Runtime/Core/IntVec3.cs
102,102 B,Packages/com.unity.probuilder/Runtime/Core/IntVec2.cs
102,102 B,Packages/com.unity.probuilder/Runtime/Core/Entity.cs
102,102 B,Packages/com.unity.probuilder/Runtime/Core/Clipping.cs
102,102 B,Packages/com.unity.probuilder/Runtime/Core/Bounds2D.cs
102,102 B,Packages/com.unity.probuilder/External/CSG/Classes/Node.cs
102,102 B,Packages/com.unity.probuilder/External/CSG/CSG.cs
102,102 B,Packages/com.unity.mathematics/Unity.Mathematics/random.cs
102,102 B,Packages/com.unity.mathematics/Unity.Mathematics/matrix.gen.cs
102,102 B,Packages/com.unity.mathematics/Unity.Mathematics/matrix.cs
102,102 B,Packages/com.unity.mathematics/Unity.Mathematics/Noise/noise4D.cs
102,102 B,Packages/com.unity.mathematics/Unity.Mathematics/Noise/noise3D.cs
102,102 B,Packages/com.unity.mathematics/Unity.Mathematics/Noise/noise2D.cs
102,102 B,Packages/com.unity.mathematics/Unity.Mathematics/Noise/common.cs
102,102 B,Packages/com.unity.inputsystem/InputSystem/Plugins/XR/Devices/OpenVR.cs
102,102 B,Packages/com.unity.inputsystem/InputSystem/Plugins/HID/HID.cs
102,102 B,Packages/com.unity.collections/Unity.Collections/xxHash3.cs
102,102 B,Packages/com.unity.collections/Unity.Collections/Unicode.cs
102,102 B,Packages/com.unity.collections/Unity.Collections/Memory.cs
102,102 B,Packages/com.unity.collections/Unity.Collections/Jobs/IJobFilter.cs
102,102 B,Packages/com.unity.collections/Unity.Collections/BitField.cs
102,102 B,Packages/com.unity.cinemachine/Runtime/ThirdParty/clipper.cs
102,102 B,Packages/com.unity.burst/Runtime/NoAliasAttribute.cs
102,102 B,Packages/com.unity.burst/Runtime/FunctionPointer.cs
102,102 B,Packages/com.unity.burst/Runtime/Editor/BurstLoader.cs
102,102 B,Packages/com.unity.burst/Runtime/CompilerServices/Constant.cs
102,102 B,Packages/com.unity.burst/Runtime/CompilerServices/Aliasing.cs
102,102 B,Packages/com.unity.burst/Runtime/BurstString.Float.cs
102,102 B,Packages/com.unity.burst/Runtime/BurstCompiler.cs
102,102 B,Packages/com.unity.ai.navigation/Runtime/HelpUrls.cs
102,102 B,Assets/WreckingBallSwing.cs
102,102 B,Assets/Scripts/ThirdPersonAimCamera.cs
102,102 B,Assets/Scripts/PuzzlePointerTrigger.cs
102,102 B,Assets/Scripts/PlayerMovementScript.cs
102,102 B,Assets/Scripts/FireballProjectile.cs
102,102 B,Assets/Scripts/EnemyPatrolAndChase.cs
102,102 B,Assets/Scripts/DontDestroyOnLoadTag.cs
102,102 B,Assets/MIniMapTexture.renderTexture
102,102 B,Assets/Kevin Iglesias/Human Animations/Scripts/SpineProxy.cs
102,102 B,Assets/AllStarCharacterLibrary/Scripts/ASCLBasicController.cs
102,102 B,Packages/com.unity.ugui/Runtime/UGUI/UI/Core/Culling/IClipRegion.cs
102,102 B,Packages/com.unity.ugui/Runtime/TMP/TextMeshPro.cs
102,102 B,Packages/com.unity.ugui/Runtime/TMP/TMP_TextInfo.cs
102,102 B,Packages/com.unity.ugui/Runtime/TMP/TMP_SubMesh.cs
102,102 B,Packages/com.unity.ugui/Runtime/TMP/TMP_Style.cs
102,102 B,Packages/com.unity.ugui/Runtime/TMP/TMP_Sprite.cs
102,102 B,Packages/com.unity.ugui/Runtime/TMP/TMP_Settings.cs
102,102 B,Packages/com.unity.ugui/Runtime/TMP/TMP_MeshInfo.cs
102,102 B,Packages/com.unity.ugui/Runtime/TMP/TMP_LineInfo.cs
102,102 B,Packages/com.unity.ugui/Runtime/TMP/TMP_Dropdown.cs
102,102 B,Packages/com.unity.ugui/Runtime/TMP/TMP_Asset.cs
102,102 B,Packages/com.unity.ugui/Runtime/TMP/FastAction.cs
102,102 B,Packages/com.unity.timeline/Runtime/Events/Marker.cs
102,102 B,Packages/com.unity.timeline/Runtime/Events/IMarker.cs
102,102 B,Packages/com.unity.splines/Runtime/Spline.cs
102,102 B,Packages/com.unity.splines/Runtime/ISpline.cs
102,102 B,Packages/com.unity.mathematics/Unity.Mathematics/int4.gen.cs
102,102 B,Packages/com.unity.mathematics/Unity.Mathematics/int3.gen.cs
102,102 B,Packages/com.unity.mathematics/Unity.Mathematics/int2.gen.cs
102,102 B,Packages/com.unity.inputsystem/InputSystem/Devices/Pen.cs
102,102 B,Packages/com.unity.burst/Runtime/Intrinsics/Common.cs
102,102 B,Packages/com.unity.burst/Runtime/Intrinsics/Arm/NEON_ctor.cs
102,102 B,Packages/com.unity.burst/Runtime/Intrinsics/Arm/NEON_AArch64.cs
102,102 B,Packages/com.unity.ugui/Runtime/UGUI/UI/Core/VertexModifiers/Shadow.cs
102,102 B,Packages/com.unity.ugui/Runtime/UGUI/UI/Core/VertexModifiers/Outline.cs
102,102 B,Packages/com.unity.ugui/Runtime/UGUI/UI/Core/Toggle.cs
102,102 B,Packages/com.unity.ugui/Runtime/UGUI/UI/Core/Slider.cs
102,102 B,Packages/com.unity.ugui/Runtime/UGUI/UI/Core/RawImage.cs
102,102 B,Packages/com.unity.ugui/Runtime/UGUI/UI/Core/Image.cs
102,102 B,Packages/com.unity.ugui/Runtime/UGUI/UI/Core/IMask.cs
102,102 B,Packages/com.unity.ugui/Runtime/UGUI/UI/Core/Graphic.cs
102,102 B,Packages/com.unity.ugui/Runtime/UGUI/UI/Core/FontData.cs
102,102 B,Packages/com.unity.ugui/Runtime/UGUI/UI/Core/Dropdown.cs
102,102 B,Packages/com.unity.ugui/Runtime/UGUI/UI/Core/Culling/Clipping.cs
102,102 B,Packages/com.unity.ugui/Runtime/UGUI/UI/Core/Button.cs
102,102 B,Packages/com.unity.probuilder/Runtime/Core/Math.cs
102,102 B,Packages/com.unity.probuilder/Runtime/Core/Log.cs
102,102 B,Packages/com.unity.probuilder/Runtime/Core/Face.cs
102,102 B,Packages/com.unity.probuilder/Runtime/Core/Edge.cs
102,102 B,Packages/com.unity.mathematics/Unity.Mathematics/svd.cs
102,102 B,Packages/com.unity.mathematics/Unity.Mathematics/math.cs
102,102 B,Packages/com.unity.mathematics/Unity.Mathematics/half.cs
102,102 B,Packages/com.unity.burst/Runtime/SharedStatic.cs
102,102 B,Packages/com.unity.burst/Runtime/Intrinsics/x86/Ssse3.cs
102,102 B,Packages/com.unity.burst/Runtime/Intrinsics/x86/Sse4_2.cs
102,102 B,Packages/com.unity.burst/Runtime/Intrinsics/x86/Sse4_1.cs
102,102 B,Packages/com.unity.burst/Runtime/Intrinsics/x86/Popcnt.cs
102,102 B,Packages/com.unity.burst/Runtime/Intrinsics/x86/Common.cs
102,102 B,Packages/com.unity.burst/Runtime/CompilerServices/Hint.cs
102,102 B,Packages/com.unity.burst/Runtime/BurstString.cs
102,102 B,Packages/com.unity.burst/Runtime/BurstRuntime.cs
102,102 B,Assets/Scripts/StickToAnchor.cs
102,102 B,Assets/Scripts/PlayerSpawner.cs
102,102 B,Assets/Scripts/DragonShooter.cs
102,102 B,Assets/Scripts/DontDestroyOnce.cs
102,102 B,Assets/Scripts/CharacterMover.cs
102,102 B,Assets/Scripts/CameraSwitcher.cs
102,102 B,Assets/Scripts/BossFightTrigger.cs
102,102 B,Assets/PuzzleActivator.cs
102,102 B,Assets/MiniMapCamera.cs
102,102 B,Assets/HamsterCage/Scripts/CameraFreeflight.cs
102,102 B,Assets/AllStarCharacterLibrary/Scripts/killGameObject.cs
102,102 B,Assets/AllStarCharacterLibrary/Scripts/TrajectoryTarget.cs
102,102 B,Assets/AllStarCharacterLibrary/Scripts/Mecanim/RootMotionOff.cs
102,102 B,Assets/AllStarCharacterLibrary/Scripts/Mecanim/EnemyHitCheck.cs
102,102 B,Assets/AllStarCharacterLibrary/Scripts/Mecanim/BasicHitCheck.cs
102,102 B,Assets/AllStarCharacterLibrary/Scripts/EnemyController.cs
102,102 B,Assets/AllStarCharacterLibrary/Scripts/CamAngleObject.cs
102,102 B,Assets/AllStarCharacterLibrary/Scripts/AbilityObject.cs
102,102 B,Packages/com.unity.ugui/Runtime/TMP/TMP_Text.cs
102,102 B,Packages/com.unity.inputsystem/InputSystem/Plugins/UI/UISupport.cs
102,102 B,Packages/com.unity.burst/Runtime/Intrinsics/x86/Sse3.cs
102,102 B,Packages/com.unity.burst/Runtime/Intrinsics/x86/Sse2.cs
102,102 B,Packages/com.unity.burst/Runtime/Intrinsics/x86/Sse.cs
102,102 B,Packages/com.unity.burst/Runtime/Intrinsics/x86/Fma.cs
102,102 B,Packages/com.unity.burst/Runtime/Intrinsics/x86/F16C.cs
102,102 B,Packages/com.unity.burst/Runtime/Intrinsics/x86/Csr.cs
102,102 B,Packages/com.unity.burst/Runtime/Intrinsics/x86/Bmi2.cs
102,102 B,Packages/com.unity.burst/Runtime/Intrinsics/x86/Bmi1.cs
102,102 B,Packages/com.unity.burst/Runtime/Intrinsics/x86/Avx2.cs
102,102 B,Packages/com.unity.burst/Runtime/Intrinsics/x86/Avx.cs
102,102 B,Packages/com.unity.burst/Runtime/Intrinsics/v64.cs
102,102 B,Packages/com.unity.burst/Runtime/Intrinsics/v256.cs
102,102 B,Packages/com.unity.burst/Runtime/Intrinsics/v128.cs
102,102 B,Packages/com.unity.burst/Runtime/Intrinsics/Arm/NEON.cs
102,102 B,Assets/Scripts/Teleporter.cs
102,102 B,Packages/com.unity.ugui/Runtime/UGUI/UI/Core/Text.cs
102,102 B,Packages/com.unity.ugui/Runtime/UGUI/UI/Core/Misc.cs
102,102 B,Packages/com.unity.ugui/Runtime/UGUI/UI/Core/Mask.cs
102,102 B,Packages/com.unity.probuilder/Content/Resources/Materials/VertexPicker.mat
102,102 B,Packages/com.unity.probuilder/Content/Resources/Materials/EdgePicker.mat
102,102 B,Assets/Scripts/Strarting.cs
102,102 B,Assets/Scripts/PuzzleScript.cs
102,102 B,Assets/Scripts/PlayerWeapon.cs
102,102 B,Assets/Scripts/PlayerStats.cs
102,102 B,Assets/Scripts/PlayerData.cs
102,102 B,Assets/Scripts/PickupItem.cs
102,102 B,Assets/Scripts/MinimapSetup.cs
102,102 B,Assets/Scripts/EnemyChase.cs
102,102 B,Assets/Scripts/DoorTrigger.cs
102,102 B,Assets/HealthSystem.cs
102,102 B,Assets/DragonVision.cs
102,102 B,Assets/DealDamage.cs
102,102 B,Assets/AllStarCharacterLibrary/Scripts/MouseOrbit.cs
102,102 B,Assets/AllStarCharacterLibrary/Scripts/Mecanim/TestingRoot.cs
102,102 B,Assets/AllStarCharacterLibrary/Scripts/Mecanim/ExitState.cs
102,102 B,Assets/AllStarCharacterLibrary/Scripts/EnvTarget.cs
102,102 B,Assets/AllStarCharacterLibrary/Scripts/EnemyRadar.cs
102,102 B,Assets/AllStarCharacterLibrary/Scripts/CamTarget.cs
102,102 B,Assets/AllStarCharacterLibrary/Scripts/CamScript.cs
102,102 B,Assets/AllStarCharacterLibrary/Scripts/Billboard2.cs
102,102 B,Assets/AllStarCharacterLibrary/Scripts/AbilityClasses.cs
102,102 B,Assets/Free Wood Door Pack/Script/Door.cs
102,102 B,Assets/Scripts/TryAgain.cs
102,102 B,Assets/Scripts/DragonAI.cs
102,102 B,Assets/AllStarCharacterLibrary/Scripts/envVars.cs
102,102 B,Assets/AllStarCharacterLibrary/Scripts/Stats.cs
102,102 B,Assets/AllStarCharacterLibrary/Scripts/RadarDot.cs
102,102 B,Assets/AllStarCharacterLibrary/Scripts/PickUp.cs
102,102 B,Assets/AllStarCharacterLibrary/Scripts/Mecanim/ExitPain.cs
102,102 B,Assets/AllStarCharacterLibrary/Scripts/CamZone.cs
102,102 B,Assets/AllStarCharacterLibrary/Scripts/CamGoal.cs
102,102 B,Assets/AllStarCharacterLibrary/Scripts/CamAngle.cs
102,102 B,Assets/Scripts/Win.cs
102,102 B,Assets/Resources/PerformanceTestRunSettings.json
102,102 B,Assets/AllStarCharacterLibrary/Scripts/Zone.cs
102,102 B,Assets/AllStarCharacterLibrary/Scripts/Hit.cs
102,102 B,Assets/AllStarCharacterLibrary/Scripts/Game.cs
